url_id,url,domain,url_length,subdomains_count,has_https,suspicious_keyword,label
URL_0001,http://secure-claim-reward.xyz/account/login/638,secure-claim-reward.xyz,48,1,0,1,1
URL_0002,http://secure-account-check.xyz/account/login/585,secure-account-check.xyz,49,1,0,1,1
URL_0003,http://secure-free-crypto.xyz/account/login/510,secure-free-crypto.xyz,47,1,0,1,1
URL_0004,https://github.com/page/15,github.com,26,1,1,0,0
URL_0005,https://daraz.pk/page/16,daraz.pk,24,1,1,0,0
URL_0006,http://secure-secure-update.xyz/account/login/413,secure-secure-update.xyz,49,1,0,1,1
URL_0007,http://secure-account-check.xyz/account/login/685,secure-account-check.xyz,49,1,0,1,1
URL_0008,https://bankofpunjab.com.pk/page/17,bankofpunjab.com.pk,35,2,1,0,0
URL_0009,https://github.com/page/49,github.com,26,1,1,0,0
URL_0010,https://bankofpunjab.com.pk/page/29,bankofpunjab.com.pk,35,2,1,0,0
URL_0011,http://secure-secure-update.xyz/account/login/697,secure-secure-update.xyz,49,1,0,1,1
URL_0012,https://daraz.pk/page/33,daraz.pk,24,1,1,0,0
URL_0013,http://secure-account-check.xyz/account/login/561,secure-account-check.xyz,49,1,0,1,1
URL_0014,http://secure-account-check.xyz/account/login/518,secure-account-check.xyz,49,1,0,1,1
URL_0015,http://secure-account-check.xyz/account/login/424,secure-account-check.xyz,49,1,0,1,1
URL_0016,http://secure-account-check.xyz/account/login/125,secure-account-check.xyz,49,1,0,1,1
URL_0017,https://daraz.pk/page/15,daraz.pk,24,1,1,0,0
URL_0018,http://secure-login-verify.xyz/account/login/467,secure-login-verify.xyz,48,1,0,1,1
URL_0019,https://bankofpunjab.com.pk/page/33,bankofpunjab.com.pk,35,2,1,0,0
URL_0020,https://bankofpunjab.com.pk/page/15,bankofpunjab.com.pk,35,2,1,0,0
URL_0021,https://google.com/page/5,google.com,25,1,1,0,0
URL_0022,http://secure-login-verify.xyz/account/login/659,secure-login-verify.xyz,48,1,0,1,1
URL_0023,https://bankofpunjab.com.pk/page/13,bankofpunjab.com.pk,35,2,1,0,0
URL_0024,http://secure-claim-reward.xyz/account/login/409,secure-claim-reward.xyz,48,1,0,1,1
URL_0025,http://secure-secure-update.xyz/account/login/822,secure-secure-update.xyz,49,1,0,1,1
URL_0026,https://easypaisa.com.pk/page/48,easypaisa.com.pk,32,2,1,0,0
URL_0027,http://secure-login-verify.xyz/account/login/888,secure-login-verify.xyz,48,1,0,1,1
URL_0028,http://secure-claim-reward.xyz/account/login/942,secure-claim-reward.xyz,48,1,0,1,1
URL_0029,http://secure-account-check.xyz/account/login/515,secure-account-check.xyz,49,1,0,1,1
URL_0030,https://daraz.pk/page/42,daraz.pk,24,1,1,0,0
URL_0031,https://daraz.pk/page/15,daraz.pk,24,1,1,0,0
URL_0032,https://easypaisa.com.pk/page/48,easypaisa.com.pk,32,2,1,0,0
URL_0033,https://daraz.pk/page/15,daraz.pk,24,1,1,0,0
URL_0034,http://secure-account-check.xyz/account/login/448,secure-account-check.xyz,49,1,0,1,1
URL_0035,https://bankofpunjab.com.pk/page/13,bankofpunjab.com.pk,35,2,1,0,0
URL_0036,http://secure-account-check.xyz/account/login/314,secure-account-check.xyz,49,1,0,1,1
URL_0037,http://secure-account-check.xyz/account/login/973,secure-account-check.xyz,49,1,0,1,1
URL_0038,https://bankofpunjab.com.pk/page/9,bankofpunjab.com.pk,34,2,1,0,0
URL_0039,https://bankofpunjab.com.pk/page/48,bankofpunjab.com.pk,35,2,1,0,0
URL_0040,https://daraz.pk/page/43,daraz.pk,24,1,1,0,0
URL_0041,http://secure-claim-reward.xyz/account/login/330,secure-claim-reward.xyz,48,1,0,1,1
URL_0042,http://secure-account-check.xyz/account/login/802,secure-account-check.xyz,49,1,0,1,1
URL_0043,http://secure-free-crypto.xyz/account/login/406,secure-free-crypto.xyz,47,1,0,1,1
URL_0044,http://secure-free-crypto.xyz/account/login/123,secure-free-crypto.xyz,47,1,0,1,1
URL_0045,https://github.com/page/10,github.com,26,1,1,0,0
URL_0046,http://secure-free-crypto.xyz/account/login/744,secure-free-crypto.xyz,47,1,0,1,1
URL_0047,http://secure-account-check.xyz/account/login/309,secure-account-check.xyz,49,1,0,1,1
URL_0048,http://secure-login-verify.xyz/account/login/647,secure-login-verify.xyz,48,1,0,1,1
URL_0049,http://secure-secure-update.xyz/account/login/586,secure-secure-update.xyz,49,1,0,1,1
URL_0050,https://bankofpunjab.com.pk/page/37,bankofpunjab.com.pk,35,2,1,0,0
URL_0051,http://secure-claim-reward.xyz/account/login/195,secure-claim-reward.xyz,48,1,0,1,1
URL_0052,https://google.com/page/44,google.com,26,1,1,0,0
URL_0053,https://google.com/page/45,google.com,26,1,1,0,0
URL_0054,http://secure-login-verify.xyz/account/login/291,secure-login-verify.xyz,48,1,0,1,1
URL_0055,https://google.com/page/25,google.com,26,1,1,0,0
URL_0056,http://secure-secure-update.xyz/account/login/338,secure-secure-update.xyz,49,1,0,1,1
URL_0057,http://secure-free-crypto.xyz/account/login/171,secure-free-crypto.xyz,47,1,0,1,1
URL_0058,http://secure-login-verify.xyz/account/login/477,secure-login-verify.xyz,48,1,0,1,1
URL_0059,https://github.com/page/21,github.com,26,1,1,0,0
URL_0060,http://secure-account-check.xyz/account/login/260,secure-account-check.xyz,49,1,0,1,1
URL_0061,https://github.com/page/35,github.com,26,1,1,0,0
URL_0062,http://secure-account-check.xyz/account/login/860,secure-account-check.xyz,49,1,0,1,1
URL_0063,https://daraz.pk/page/14,daraz.pk,24,1,1,0,0
URL_0064,https://github.com/page/20,github.com,26,1,1,0,0
URL_0065,http://secure-account-check.xyz/account/login/262,secure-account-check.xyz,49,1,0,1,1
URL_0066,http://secure-free-crypto.xyz/account/login/307,secure-free-crypto.xyz,47,1,0,1,1
URL_0067,http://secure-claim-reward.xyz/account/login/306,secure-claim-reward.xyz,48,1,0,1,1
URL_0068,https://github.com/page/29,github.com,26,1,1,0,0
URL_0069,https://daraz.pk/page/39,daraz.pk,24,1,1,0,0
URL_0070,https://wikipedia.org/page/22,wikipedia.org,29,1,1,0,0
URL_0071,http://secure-account-check.xyz/account/login/573,secure-account-check.xyz,49,1,0,1,1
URL_0072,https://easypaisa.com.pk/page/6,easypaisa.com.pk,31,2,1,0,0
URL_0073,http://secure-account-check.xyz/account/login/455,secure-account-check.xyz,49,1,0,1,1
URL_0074,http://secure-account-check.xyz/account/login/727,secure-account-check.xyz,49,1,0,1,1
URL_0075,https://daraz.pk/page/16,daraz.pk,24,1,1,0,0
URL_0076,https://wikipedia.org/page/47,wikipedia.org,29,1,1,0,0
URL_0077,http://secure-account-check.xyz/account/login/493,secure-account-check.xyz,49,1,0,1,1
URL_0078,https://easypaisa.com.pk/page/37,easypaisa.com.pk,32,2,1,0,0
URL_0079,https://daraz.pk/page/45,daraz.pk,24,1,1,0,0
URL_0080,https://github.com/page/11,github.com,26,1,1,0,0
URL_0081,http://secure-free-crypto.xyz/account/login/398,secure-free-crypto.xyz,47,1,0,1,1
URL_0082,https://easypaisa.com.pk/page/47,easypaisa.com.pk,32,2,1,0,0
URL_0083,https://daraz.pk/page/27,daraz.pk,24,1,1,0,0
URL_0084,https://bankofpunjab.com.pk/page/5,bankofpunjab.com.pk,34,2,1,0,0
URL_0085,https://wikipedia.org/page/50,wikipedia.org,29,1,1,0,0
URL_0086,http://secure-account-check.xyz/account/login/561,secure-account-check.xyz,49,1,0,1,1
URL_0087,https://bankofpunjab.com.pk/page/14,bankofpunjab.com.pk,35,2,1,0,0
URL_0088,https://daraz.pk/page/2,daraz.pk,23,1,1,0,0
URL_0089,https://easypaisa.com.pk/page/45,easypaisa.com.pk,32,2,1,0,0
URL_0090,http://secure-account-check.xyz/account/login/451,secure-account-check.xyz,49,1,0,1,1
URL_0091,http://secure-secure-update.xyz/account/login/506,secure-secure-update.xyz,49,1,0,1,1
URL_0092,https://google.com/page/17,google.com,26,1,1,0,0
URL_0093,https://easypaisa.com.pk/page/9,easypaisa.com.pk,31,2,1,0,0
URL_0094,http://secure-account-check.xyz/account/login/596,secure-account-check.xyz,49,1,0,1,1
URL_0095,http://secure-login-verify.xyz/account/login/184,secure-login-verify.xyz,48,1,0,1,1
URL_0096,https://easypaisa.com.pk/page/29,easypaisa.com.pk,32,2,1,0,0
URL_0097,https://daraz.pk/page/18,daraz.pk,24,1,1,0,0
URL_0098,https://github.com/page/2,github.com,25,1,1,0,0
URL_0099,https://github.com/page/19,github.com,26,1,1,0,0
URL_0100,https://wikipedia.org/page/48,wikipedia.org,29,1,1,0,0
URL_0101,http://secure-secure-update.xyz/account/login/179,secure-secure-update.xyz,49,1,0,1,1
URL_0102,https://easypaisa.com.pk/page/18,easypaisa.com.pk,32,2,1,0,0
URL_0103,https://daraz.pk/page/23,daraz.pk,24,1,1,0,0
URL_0104,https://github.com/page/46,github.com,26,1,1,0,0
URL_0105,https://easypaisa.com.pk/page/35,easypaisa.com.pk,32,2,1,0,0
URL_0106,https://daraz.pk/page/45,daraz.pk,24,1,1,0,0
URL_0107,https://easypaisa.com.pk/page/34,easypaisa.com.pk,32,2,1,0,0
URL_0108,https://daraz.pk/page/45,daraz.pk,24,1,1,0,0
URL_0109,http://secure-account-check.xyz/account/login/153,secure-account-check.xyz,49,1,0,1,1
URL_0110,https://google.com/page/50,google.com,26,1,1,0,0
URL_0111,http://secure-secure-update.xyz/account/login/355,secure-secure-update.xyz,49,1,0,1,1
URL_0112,http://secure-secure-update.xyz/account/login/304,secure-secure-update.xyz,49,1,0,1,1
URL_0113,https://google.com/page/27,google.com,26,1,1,0,0
URL_0114,https://google.com/page/22,google.com,26,1,1,0,0
URL_0115,https://easypaisa.com.pk/page/43,easypaisa.com.pk,32,2,1,0,0
URL_0116,https://github.com/page/7,github.com,25,1,1,0,0
URL_0117,https://easypaisa.com.pk/page/11,easypaisa.com.pk,32,2,1,0,0
URL_0118,https://daraz.pk/page/33,daraz.pk,24,1,1,0,0
URL_0119,https://bankofpunjab.com.pk/page/21,bankofpunjab.com.pk,35,2,1,0,0
URL_0120,https://wikipedia.org/page/14,wikipedia.org,29,1,1,0,0
URL_0121,http://secure-account-check.xyz/account/login/223,secure-account-check.xyz,49,1,0,1,1
URL_0122,https://github.com/page/7,github.com,25,1,1,0,0
URL_0123,http://secure-claim-reward.xyz/account/login/277,secure-claim-reward.xyz,48,1,0,1,1
URL_0124,https://daraz.pk/page/42,daraz.pk,24,1,1,0,0
URL_0125,http://secure-login-verify.xyz/account/login/498,secure-login-verify.xyz,48,1,0,1,1
URL_0126,https://daraz.pk/page/15,daraz.pk,24,1,1,0,0
URL_0127,https://easypaisa.com.pk/page/18,easypaisa.com.pk,32,2,1,0,0
URL_0128,http://secure-login-verify.xyz/account/login/168,secure-login-verify.xyz,48,1,0,1,1
URL_0129,https://daraz.pk/page/20,daraz.pk,24,1,1,0,0
URL_0130,http://secure-login-verify.xyz/account/login/829,secure-login-verify.xyz,48,1,0,1,1
URL_0131,https://bankofpunjab.com.pk/page/7,bankofpunjab.com.pk,34,2,1,0,0
URL_0132,http://secure-account-check.xyz/account/login/794,secure-account-check.xyz,49,1,0,1,1
URL_0133,https://bankofpunjab.com.pk/page/12,bankofpunjab.com.pk,35,2,1,0,0
URL_0134,http://secure-account-check.xyz/account/login/169,secure-account-check.xyz,49,1,0,1,1
URL_0135,http://secure-login-verify.xyz/account/login/723,secure-login-verify.xyz,48,1,0,1,1
URL_0136,http://secure-account-check.xyz/account/login/623,secure-account-check.xyz,49,1,0,1,1
URL_0137,https://wikipedia.org/page/38,wikipedia.org,29,1,1,0,0
URL_0138,https://github.com/page/2,github.com,25,1,1,0,0
URL_0139,https://bankofpunjab.com.pk/page/16,bankofpunjab.com.pk,35,2,1,0,0
URL_0140,http://secure-secure-update.xyz/account/login/734,secure-secure-update.xyz,49,1,0,1,1
URL_0141,https://google.com/page/9,google.com,25,1,1,0,0
URL_0142,http://secure-account-check.xyz/account/login/403,secure-account-check.xyz,49,1,0,1,1
URL_0143,https://github.com/page/25,github.com,26,1,1,0,0
URL_0144,https://easypaisa.com.pk/page/3,easypaisa.com.pk,31,2,1,0,0
URL_0145,https://easypaisa.com.pk/page/39,easypaisa.com.pk,32,2,1,0,0
URL_0146,http://secure-claim-reward.xyz/account/login/237,secure-claim-reward.xyz,48,1,0,1,1
URL_0147,http://secure-claim-reward.xyz/account/login/759,secure-claim-reward.xyz,48,1,0,1,1
URL_0148,https://wikipedia.org/page/27,wikipedia.org,29,1,1,0,0
URL_0149,http://secure-login-verify.xyz/account/login/334,secure-login-verify.xyz,48,1,0,1,1
URL_0150,http://secure-claim-reward.xyz/account/login/348,secure-claim-reward.xyz,48,1,0,1,1
URL_0151,https://wikipedia.org/page/4,wikipedia.org,28,1,1,0,0
URL_0152,https://easypaisa.com.pk/page/45,easypaisa.com.pk,32,2,1,0,0
URL_0153,https://wikipedia.org/page/25,wikipedia.org,29,1,1,0,0
URL_0154,http://secure-secure-update.xyz/account/login/552,secure-secure-update.xyz,49,1,0,1,1
URL_0155,https://google.com/page/32,google.com,26,1,1,0,0
URL_0156,https://github.com/page/4,github.com,25,1,1,0,0
URL_0157,https://github.com/page/9,github.com,25,1,1,0,0
URL_0158,https://github.com/page/38,github.com,26,1,1,0,0
URL_0159,https://github.com/page/33,github.com,26,1,1,0,0
URL_0160,https://daraz.pk/page/47,daraz.pk,24,1,1,0,0
URL_0161,http://secure-claim-reward.xyz/account/login/268,secure-claim-reward.xyz,48,1,0,1,1
URL_0162,https://github.com/page/28,github.com,26,1,1,0,0
URL_0163,https://wikipedia.org/page/16,wikipedia.org,29,1,1,0,0
URL_0164,http://secure-claim-reward.xyz/account/login/690,secure-claim-reward.xyz,48,1,0,1,1
URL_0165,http://secure-secure-update.xyz/account/login/378,secure-secure-update.xyz,49,1,0,1,1
URL_0166,http://secure-login-verify.xyz/account/login/468,secure-login-verify.xyz,48,1,0,1,1
URL_0167,http://secure-account-check.xyz/account/login/271,secure-account-check.xyz,49,1,0,1,1
URL_0168,http://secure-account-check.xyz/account/login/532,secure-account-check.xyz,49,1,0,1,1
URL_0169,http://secure-secure-update.xyz/account/login/939,secure-secure-update.xyz,49,1,0,1,1
URL_0170,http://secure-login-verify.xyz/account/login/880,secure-login-verify.xyz,48,1,0,1,1
URL_0171,http://secure-account-check.xyz/account/login/974,secure-account-check.xyz,49,1,0,1,1
URL_0172,https://bankofpunjab.com.pk/page/39,bankofpunjab.com.pk,35,2,1,0,0
URL_0173,https://wikipedia.org/page/47,wikipedia.org,29,1,1,0,0
URL_0174,https://bankofpunjab.com.pk/page/25,bankofpunjab.com.pk,35,2,1,0,0
URL_0175,http://secure-claim-reward.xyz/account/login/564,secure-claim-reward.xyz,48,1,0,1,1
URL_0176,http://secure-account-check.xyz/account/login/675,secure-account-check.xyz,49,1,0,1,1
URL_0177,http://secure-login-verify.xyz/account/login/441,secure-login-verify.xyz,48,1,0,1,1
URL_0178,https://easypaisa.com.pk/page/31,easypaisa.com.pk,32,2,1,0,0
URL_0179,https://github.com/page/13,github.com,26,1,1,0,0
URL_0180,https://google.com/page/33,google.com,26,1,1,0,0
URL_0181,http://secure-account-check.xyz/account/login/514,secure-account-check.xyz,49,1,0,1,1
URL_0182,http://secure-account-check.xyz/account/login/860,secure-account-check.xyz,49,1,0,1,1
URL_0183,http://secure-account-check.xyz/account/login/601,secure-account-check.xyz,49,1,0,1,1
URL_0184,http://secure-free-crypto.xyz/account/login/172,secure-free-crypto.xyz,47,1,0,1,1
URL_0185,http://secure-login-verify.xyz/account/login/227,secure-login-verify.xyz,48,1,0,1,1
URL_0186,http://secure-free-crypto.xyz/account/login/266,secure-free-crypto.xyz,47,1,0,1,1
URL_0187,https://daraz.pk/page/17,daraz.pk,24,1,1,0,0
URL_0188,http://secure-free-crypto.xyz/account/login/826,secure-free-crypto.xyz,47,1,0,1,1
URL_0189,http://secure-claim-reward.xyz/account/login/813,secure-claim-reward.xyz,48,1,0,1,1
URL_0190,https://easypaisa.com.pk/page/25,easypaisa.com.pk,32,2,1,0,0
URL_0191,http://secure-secure-update.xyz/account/login/348,secure-secure-update.xyz,49,1,0,1,1
URL_0192,http://secure-login-verify.xyz/account/login/932,secure-login-verify.xyz,48,1,0,1,1
URL_0193,http://secure-login-verify.xyz/account/login/814,secure-login-verify.xyz,48,1,0,1,1
URL_0194,https://bankofpunjab.com.pk/page/39,bankofpunjab.com.pk,35,2,1,0,0
URL_0195,http://secure-secure-update.xyz/account/login/360,secure-secure-update.xyz,49,1,0,1,1
URL_0196,https://wikipedia.org/page/38,wikipedia.org,29,1,1,0,0
URL_0197,https://google.com/page/8,google.com,25,1,1,0,0
URL_0198,https://easypaisa.com.pk/page/46,easypaisa.com.pk,32,2,1,0,0
URL_0199,http://secure-account-check.xyz/account/login/823,secure-account-check.xyz,49,1,0,1,1
URL_0200,https://wikipedia.org/page/13,wikipedia.org,29,1,1,0,0
URL_0201,http://secure-secure-update.xyz/account/login/949,secure-secure-update.xyz,49,1,0,1,1
URL_0202,http://secure-claim-reward.xyz/account/login/808,secure-claim-reward.xyz,48,1,0,1,1
URL_0203,http://secure-free-crypto.xyz/account/login/645,secure-free-crypto.xyz,47,1,0,1,1
URL_0204,http://secure-free-crypto.xyz/account/login/415,secure-free-crypto.xyz,47,1,0,1,1
URL_0205,http://secure-login-verify.xyz/account/login/211,secure-login-verify.xyz,48,1,0,1,1
URL_0206,http://secure-secure-update.xyz/account/login/375,secure-secure-update.xyz,49,1,0,1,1
URL_0207,https://easypaisa.com.pk/page/26,easypaisa.com.pk,32,2,1,0,0
URL_0208,http://secure-login-verify.xyz/account/login/272,secure-login-verify.xyz,48,1,0,1,1
URL_0209,http://secure-login-verify.xyz/account/login/199,secure-login-verify.xyz,48,1,0,1,1
URL_0210,https://easypaisa.com.pk/page/27,easypaisa.com.pk,32,2,1,0,0
URL_0211,http://secure-claim-reward.xyz/account/login/850,secure-claim-reward.xyz,48,1,0,1,1
URL_0212,http://secure-secure-update.xyz/account/login/280,secure-secure-update.xyz,49,1,0,1,1
URL_0213,http://secure-secure-update.xyz/account/login/820,secure-secure-update.xyz,49,1,0,1,1
URL_0214,https://github.com/page/32,github.com,26,1,1,0,0
URL_0215,https://wikipedia.org/page/8,wikipedia.org,28,1,1,0,0
URL_0216,http://secure-free-crypto.xyz/account/login/933,secure-free-crypto.xyz,47,1,0,1,1
URL_0217,https://github.com/page/13,github.com,26,1,1,0,0
URL_0218,https://easypaisa.com.pk/page/12,easypaisa.com.pk,32,2,1,0,0
URL_0219,https://bankofpunjab.com.pk/page/27,bankofpunjab.com.pk,35,2,1,0,0
URL_0220,http://secure-free-crypto.xyz/account/login/211,secure-free-crypto.xyz,47,1,0,1,1
URL_0221,https://google.com/page/19,google.com,26,1,1,0,0
URL_0222,https://daraz.pk/page/8,daraz.pk,23,1,1,0,0
URL_0223,http://secure-login-verify.xyz/account/login/450,secure-login-verify.xyz,48,1,0,1,1
URL_0224,https://wikipedia.org/page/16,wikipedia.org,29,1,1,0,0
URL_0225,http://secure-account-check.xyz/account/login/788,secure-account-check.xyz,49,1,0,1,1
URL_0226,https://google.com/page/4,google.com,25,1,1,0,0
URL_0227,http://secure-login-verify.xyz/account/login/781,secure-login-verify.xyz,48,1,0,1,1
URL_0228,https://google.com/page/14,google.com,26,1,1,0,0
URL_0229,https://daraz.pk/page/39,daraz.pk,24,1,1,0,0
URL_0230,http://secure-account-check.xyz/account/login/584,secure-account-check.xyz,49,1,0,1,1
URL_0231,http://secure-free-crypto.xyz/account/login/539,secure-free-crypto.xyz,47,1,0,1,1
URL_0232,http://secure-claim-reward.xyz/account/login/798,secure-claim-reward.xyz,48,1,0,1,1
URL_0233,http://secure-claim-reward.xyz/account/login/936,secure-claim-reward.xyz,48,1,0,1,1
URL_0234,https://bankofpunjab.com.pk/page/43,bankofpunjab.com.pk,35,2,1,0,0
URL_0235,http://secure-account-check.xyz/account/login/725,secure-account-check.xyz,49,1,0,1,1
URL_0236,https://bankofpunjab.com.pk/page/22,bankofpunjab.com.pk,35,2,1,0,0
URL_0237,https://google.com/page/30,google.com,26,1,1,0,0
URL_0238,http://secure-secure-update.xyz/account/login/126,secure-secure-update.xyz,49,1,0,1,1
URL_0239,https://wikipedia.org/page/18,wikipedia.org,29,1,1,0,0
URL_0240,https://bankofpunjab.com.pk/page/29,bankofpunjab.com.pk,35,2,1,0,0
URL_0241,http://secure-free-crypto.xyz/account/login/523,secure-free-crypto.xyz,47,1,0,1,1
URL_0242,https://google.com/page/41,google.com,26,1,1,0,0
URL_0243,http://secure-login-verify.xyz/account/login/748,secure-login-verify.xyz,48,1,0,1,1
URL_0244,http://secure-login-verify.xyz/account/login/926,secure-login-verify.xyz,48,1,0,1,1
URL_0245,http://secure-account-check.xyz/account/login/339,secure-account-check.xyz,49,1,0,1,1
URL_0246,http://secure-account-check.xyz/account/login/856,secure-account-check.xyz,49,1,0,1,1
URL_0247,https://bankofpunjab.com.pk/page/28,bankofpunjab.com.pk,35,2,1,0,0
URL_0248,http://secure-login-verify.xyz/account/login/851,secure-login-verify.xyz,48,1,0,1,1
URL_0249,http://secure-claim-reward.xyz/account/login/721,secure-claim-reward.xyz,48,1,0,1,1
URL_0250,https://easypaisa.com.pk/page/10,easypaisa.com.pk,32,2,1,0,0
URL_0251,https://github.com/page/32,github.com,26,1,1,0,0
URL_0252,https://bankofpunjab.com.pk/page/44,bankofpunjab.com.pk,35,2,1,0,0
URL_0253,http://secure-secure-update.xyz/account/login/556,secure-secure-update.xyz,49,1,0,1,1
URL_0254,https://daraz.pk/page/43,daraz.pk,24,1,1,0,0
URL_0255,https://github.com/page/14,github.com,26,1,1,0,0
URL_0256,https://easypaisa.com.pk/page/45,easypaisa.com.pk,32,2,1,0,0
URL_0257,https://google.com/page/28,google.com,26,1,1,0,0
URL_0258,https://github.com/page/21,github.com,26,1,1,0,0
URL_0259,http://secure-claim-reward.xyz/account/login/325,secure-claim-reward.xyz,48,1,0,1,1
URL_0260,http://secure-account-check.xyz/account/login/786,secure-account-check.xyz,49,1,0,1,1
URL_0261,https://easypaisa.com.pk/page/9,easypaisa.com.pk,31,2,1,0,0
URL_0262,http://secure-login-verify.xyz/account/login/914,secure-login-verify.xyz,48,1,0,1,1
URL_0263,http://secure-secure-update.xyz/account/login/689,secure-secure-update.xyz,49,1,0,1,1
URL_0264,https://easypaisa.com.pk/page/22,easypaisa.com.pk,32,2,1,0,0
URL_0265,http://secure-account-check.xyz/account/login/769,secure-account-check.xyz,49,1,0,1,1
URL_0266,http://secure-secure-update.xyz/account/login/328,secure-secure-update.xyz,49,1,0,1,1
URL_0267,http://secure-login-verify.xyz/account/login/397,secure-login-verify.xyz,48,1,0,1,1
URL_0268,https://google.com/page/6,google.com,25,1,1,0,0
URL_0269,http://secure-free-crypto.xyz/account/login/292,secure-free-crypto.xyz,47,1,0,1,1
URL_0270,https://wikipedia.org/page/24,wikipedia.org,29,1,1,0,0
URL_0271,https://bankofpunjab.com.pk/page/25,bankofpunjab.com.pk,35,2,1,0,0
URL_0272,https://bankofpunjab.com.pk/page/4,bankofpunjab.com.pk,34,2,1,0,0
URL_0273,https://daraz.pk/page/28,daraz.pk,24,1,1,0,0
URL_0274,http://secure-claim-reward.xyz/account/login/916,secure-claim-reward.xyz,48,1,0,1,1
URL_0275,https://wikipedia.org/page/43,wikipedia.org,29,1,1,0,0
URL_0276,https://google.com/page/26,google.com,26,1,1,0,0
URL_0277,https://wikipedia.org/page/30,wikipedia.org,29,1,1,0,0
URL_0278,http://secure-secure-update.xyz/account/login/935,secure-secure-update.xyz,49,1,0,1,1
URL_0279,http://secure-secure-update.xyz/account/login/611,secure-secure-update.xyz,49,1,0,1,1
URL_0280,http://secure-secure-update.xyz/account/login/715,secure-secure-update.xyz,49,1,0,1,1
URL_0281,http://secure-secure-update.xyz/account/login/864,secure-secure-update.xyz,49,1,0,1,1
URL_0282,https://wikipedia.org/page/21,wikipedia.org,29,1,1,0,0
URL_0283,http://secure-free-crypto.xyz/account/login/805,secure-free-crypto.xyz,47,1,0,1,1
URL_0284,https://bankofpunjab.com.pk/page/46,bankofpunjab.com.pk,35,2,1,0,0
URL_0285,http://secure-secure-update.xyz/account/login/606,secure-secure-update.xyz,49,1,0,1,1
URL_0286,http://secure-account-check.xyz/account/login/160,secure-account-check.xyz,49,1,0,1,1
URL_0287,http://secure-secure-update.xyz/account/login/947,secure-secure-update.xyz,49,1,0,1,1
URL_0288,https://easypaisa.com.pk/page/15,easypaisa.com.pk,32,2,1,0,0
URL_0289,https://github.com/page/32,github.com,26,1,1,0,0
URL_0290,http://secure-claim-reward.xyz/account/login/934,secure-claim-reward.xyz,48,1,0,1,1
URL_0291,https://google.com/page/36,google.com,26,1,1,0,0
URL_0292,http://secure-claim-reward.xyz/account/login/532,secure-claim-reward.xyz,48,1,0,1,1
URL_0293,http://secure-claim-reward.xyz/account/login/875,secure-claim-reward.xyz,48,1,0,1,1
URL_0294,http://secure-account-check.xyz/account/login/173,secure-account-check.xyz,49,1,0,1,1
URL_0295,http://secure-claim-reward.xyz/account/login/813,secure-claim-reward.xyz,48,1,0,1,1
URL_0296,https://easypaisa.com.pk/page/36,easypaisa.com.pk,32,2,1,0,0
URL_0297,http://secure-login-verify.xyz/account/login/234,secure-login-verify.xyz,48,1,0,1,1
URL_0298,http://secure-free-crypto.xyz/account/login/986,secure-free-crypto.xyz,47,1,0,1,1
URL_0299,https://easypaisa.com.pk/page/20,easypaisa.com.pk,32,2,1,0,0
URL_0300,http://secure-secure-update.xyz/account/login/691,secure-secure-update.xyz,49,1,0,1,1
URL_0301,https://daraz.pk/page/45,daraz.pk,24,1,1,0,0
URL_0302,http://secure-claim-reward.xyz/account/login/248,secure-claim-reward.xyz,48,1,0,1,1
URL_0303,https://github.com/page/48,github.com,26,1,1,0,0
URL_0304,https://easypaisa.com.pk/page/42,easypaisa.com.pk,32,2,1,0,0
URL_0305,https://bankofpunjab.com.pk/page/47,bankofpunjab.com.pk,35,2,1,0,0
URL_0306,https://easypaisa.com.pk/page/10,easypaisa.com.pk,32,2,1,0,0
URL_0307,http://secure-account-check.xyz/account/login/795,secure-account-check.xyz,49,1,0,1,1
URL_0308,https://google.com/page/7,google.com,25,1,1,0,0
URL_0309,http://secure-account-check.xyz/account/login/283,secure-account-check.xyz,49,1,0,1,1
URL_0310,https://google.com/page/33,google.com,26,1,1,0,0
URL_0311,http://secure-free-crypto.xyz/account/login/544,secure-free-crypto.xyz,47,1,0,1,1
URL_0312,https://easypaisa.com.pk/page/47,easypaisa.com.pk,32,2,1,0,0
URL_0313,http://secure-secure-update.xyz/account/login/134,secure-secure-update.xyz,49,1,0,1,1
URL_0314,https://github.com/page/26,github.com,26,1,1,0,0
URL_0315,http://secure-claim-reward.xyz/account/login/804,secure-claim-reward.xyz,48,1,0,1,1
URL_0316,https://easypaisa.com.pk/page/48,easypaisa.com.pk,32,2,1,0,0
URL_0317,http://secure-login-verify.xyz/account/login/896,secure-login-verify.xyz,48,1,0,1,1
URL_0318,http://secure-account-check.xyz/account/login/381,secure-account-check.xyz,49,1,0,1,1
URL_0319,http://secure-claim-reward.xyz/account/login/111,secure-claim-reward.xyz,48,1,0,1,1
URL_0320,https://google.com/page/6,google.com,25,1,1,0,0
URL_0321,https://daraz.pk/page/42,daraz.pk,24,1,1,0,0
URL_0322,https://google.com/page/38,google.com,26,1,1,0,0
URL_0323,http://secure-claim-reward.xyz/account/login/810,secure-claim-reward.xyz,48,1,0,1,1
URL_0324,https://wikipedia.org/page/12,wikipedia.org,29,1,1,0,0
URL_0325,http://secure-account-check.xyz/account/login/760,secure-account-check.xyz,49,1,0,1,1
URL_0326,http://secure-claim-reward.xyz/account/login/685,secure-claim-reward.xyz,48,1,0,1,1
URL_0327,https://google.com/page/21,google.com,26,1,1,0,0
URL_0328,https://easypaisa.com.pk/page/35,easypaisa.com.pk,32,2,1,0,0
URL_0329,https://daraz.pk/page/45,daraz.pk,24,1,1,0,0
URL_0330,https://daraz.pk/page/36,daraz.pk,24,1,1,0,0
URL_0331,http://secure-login-verify.xyz/account/login/631,secure-login-verify.xyz,48,1,0,1,1
URL_0332,https://github.com/page/43,github.com,26,1,1,0,0
URL_0333,https://github.com/page/39,github.com,26,1,1,0,0
URL_0334,https://google.com/page/36,google.com,26,1,1,0,0
URL_0335,http://secure-claim-reward.xyz/account/login/225,secure-claim-reward.xyz,48,1,0,1,1
URL_0336,https://github.com/page/37,github.com,26,1,1,0,0
URL_0337,https://easypaisa.com.pk/page/11,easypaisa.com.pk,32,2,1,0,0
URL_0338,https://wikipedia.org/page/17,wikipedia.org,29,1,1,0,0
URL_0339,https://google.com/page/8,google.com,25,1,1,0,0
URL_0340,http://secure-claim-reward.xyz/account/login/657,secure-claim-reward.xyz,48,1,0,1,1
URL_0341,https://daraz.pk/page/43,daraz.pk,24,1,1,0,0
URL_0342,https://github.com/page/20,github.com,26,1,1,0,0
URL_0343,https://wikipedia.org/page/19,wikipedia.org,29,1,1,0,0
URL_0344,http://secure-secure-update.xyz/account/login/690,secure-secure-update.xyz,49,1,0,1,1
URL_0345,http://secure-claim-reward.xyz/account/login/635,secure-claim-reward.xyz,48,1,0,1,1
URL_0346,http://secure-free-crypto.xyz/account/login/651,secure-free-crypto.xyz,47,1,0,1,1
URL_0347,https://easypaisa.com.pk/page/7,easypaisa.com.pk,31,2,1,0,0
URL_0348,https://github.com/page/3,github.com,25,1,1,0,0
URL_0349,https://github.com/page/20,github.com,26,1,1,0,0
URL_0350,https://github.com/page/39,github.com,26,1,1,0,0
URL_0351,https://wikipedia.org/page/23,wikipedia.org,29,1,1,0,0
URL_0352,http://secure-secure-update.xyz/account/login/846,secure-secure-update.xyz,49,1,0,1,1
URL_0353,http://secure-login-verify.xyz/account/login/663,secure-login-verify.xyz,48,1,0,1,1
URL_0354,http://secure-claim-reward.xyz/account/login/490,secure-claim-reward.xyz,48,1,0,1,1
URL_0355,https://daraz.pk/page/30,daraz.pk,24,1,1,0,0
URL_0356,https://bankofpunjab.com.pk/page/44,bankofpunjab.com.pk,35,2,1,0,0
URL_0357,http://secure-secure-update.xyz/account/login/648,secure-secure-update.xyz,49,1,0,1,1
URL_0358,https://google.com/page/41,google.com,26,1,1,0,0
URL_0359,http://secure-secure-update.xyz/account/login/831,secure-secure-update.xyz,49,1,0,1,1
URL_0360,http://secure-free-crypto.xyz/account/login/773,secure-free-crypto.xyz,47,1,0,1,1
URL_0361,https://daraz.pk/page/10,daraz.pk,24,1,1,0,0
URL_0362,http://secure-account-check.xyz/account/login/488,secure-account-check.xyz,49,1,0,1,1
URL_0363,https://wikipedia.org/page/16,wikipedia.org,29,1,1,0,0
URL_0364,https://bankofpunjab.com.pk/page/8,bankofpunjab.com.pk,34,2,1,0,0
URL_0365,https://easypaisa.com.pk/page/36,easypaisa.com.pk,32,2,1,0,0
URL_0366,http://secure-login-verify.xyz/account/login/437,secure-login-verify.xyz,48,1,0,1,1
URL_0367,https://bankofpunjab.com.pk/page/22,bankofpunjab.com.pk,35,2,1,0,0
URL_0368,http://secure-secure-update.xyz/account/login/989,secure-secure-update.xyz,49,1,0,1,1
URL_0369,https://bankofpunjab.com.pk/page/1,bankofpunjab.com.pk,34,2,1,0,0
URL_0370,https://daraz.pk/page/15,daraz.pk,24,1,1,0,0
URL_0371,http://secure-login-verify.xyz/account/login/901,secure-login-verify.xyz,48,1,0,1,1
URL_0372,https://github.com/page/34,github.com,26,1,1,0,0
URL_0373,http://secure-free-crypto.xyz/account/login/941,secure-free-crypto.xyz,47,1,0,1,1
URL_0374,http://secure-login-verify.xyz/account/login/641,secure-login-verify.xyz,48,1,0,1,1
URL_0375,http://secure-free-crypto.xyz/account/login/986,secure-free-crypto.xyz,47,1,0,1,1
URL_0376,http://secure-free-crypto.xyz/account/login/377,secure-free-crypto.xyz,47,1,0,1,1
URL_0377,https://google.com/page/11,google.com,26,1,1,0,0
URL_0378,http://secure-account-check.xyz/account/login/285,secure-account-check.xyz,49,1,0,1,1
URL_0379,http://secure-free-crypto.xyz/account/login/664,secure-free-crypto.xyz,47,1,0,1,1
URL_0380,http://secure-account-check.xyz/account/login/706,secure-account-check.xyz,49,1,0,1,1
URL_0381,https://bankofpunjab.com.pk/page/1,bankofpunjab.com.pk,34,2,1,0,0
URL_0382,https://easypaisa.com.pk/page/9,easypaisa.com.pk,31,2,1,0,0
URL_0383,https://daraz.pk/page/37,daraz.pk,24,1,1,0,0
URL_0384,http://secure-login-verify.xyz/account/login/842,secure-login-verify.xyz,48,1,0,1,1
URL_0385,http://secure-secure-update.xyz/account/login/794,secure-secure-update.xyz,49,1,0,1,1
URL_0386,http://secure-account-check.xyz/account/login/287,secure-account-check.xyz,49,1,0,1,1
URL_0387,http://secure-claim-reward.xyz/account/login/917,secure-claim-reward.xyz,48,1,0,1,1
URL_0388,http://secure-free-crypto.xyz/account/login/393,secure-free-crypto.xyz,47,1,0,1,1
URL_0389,http://secure-account-check.xyz/account/login/633,secure-account-check.xyz,49,1,0,1,1
URL_0390,https://bankofpunjab.com.pk/page/41,bankofpunjab.com.pk,35,2,1,0,0
URL_0391,https://bankofpunjab.com.pk/page/27,bankofpunjab.com.pk,35,2,1,0,0
URL_0392,http://secure-login-verify.xyz/account/login/749,secure-login-verify.xyz,48,1,0,1,1
URL_0393,https://google.com/page/47,google.com,26,1,1,0,0
URL_0394,https://google.com/page/11,google.com,26,1,1,0,0
URL_0395,https://google.com/page/48,google.com,26,1,1,0,0
URL_0396,http://secure-free-crypto.xyz/account/login/604,secure-free-crypto.xyz,47,1,0,1,1
URL_0397,https://daraz.pk/page/44,daraz.pk,24,1,1,0,0
URL_0398,https://daraz.pk/page/32,daraz.pk,24,1,1,0,0
URL_0399,https://daraz.pk/page/1,daraz.pk,23,1,1,0,0
URL_0400,https://easypaisa.com.pk/page/1,easypaisa.com.pk,31,2,1,0,0
URL_0401,http://secure-free-crypto.xyz/account/login/867,secure-free-crypto.xyz,47,1,0,1,1
URL_0402,http://secure-secure-update.xyz/account/login/856,secure-secure-update.xyz,49,1,0,1,1
URL_0403,https://wikipedia.org/page/29,wikipedia.org,29,1,1,0,0
URL_0404,https://easypaisa.com.pk/page/49,easypaisa.com.pk,32,2,1,0,0
URL_0405,https://github.com/page/5,github.com,25,1,1,0,0
URL_0406,http://secure-secure-update.xyz/account/login/626,secure-secure-update.xyz,49,1,0,1,1
URL_0407,http://secure-login-verify.xyz/account/login/532,secure-login-verify.xyz,48,1,0,1,1
URL_0408,http://secure-account-check.xyz/account/login/274,secure-account-check.xyz,49,1,0,1,1
URL_0409,http://secure-login-verify.xyz/account/login/446,secure-login-verify.xyz,48,1,0,1,1
URL_0410,https://wikipedia.org/page/50,wikipedia.org,29,1,1,0,0
URL_0411,https://bankofpunjab.com.pk/page/20,bankofpunjab.com.pk,35,2,1,0,0
URL_0412,http://secure-claim-reward.xyz/account/login/371,secure-claim-reward.xyz,48,1,0,1,1
URL_0413,https://google.com/page/48,google.com,26,1,1,0,0
URL_0414,http://secure-secure-update.xyz/account/login/412,secure-secure-update.xyz,49,1,0,1,1
URL_0415,https://daraz.pk/page/40,daraz.pk,24,1,1,0,0
URL_0416,http://secure-login-verify.xyz/account/login/464,secure-login-verify.xyz,48,1,0,1,1
URL_0417,https://wikipedia.org/page/30,wikipedia.org,29,1,1,0,0
URL_0418,http://secure-claim-reward.xyz/account/login/462,secure-claim-reward.xyz,48,1,0,1,1
URL_0419,https://google.com/page/23,google.com,26,1,1,0,0
URL_0420,https://daraz.pk/page/23,daraz.pk,24,1,1,0,0
URL_0421,https://google.com/page/28,google.com,26,1,1,0,0
URL_0422,http://secure-secure-update.xyz/account/login/186,secure-secure-update.xyz,49,1,0,1,1
URL_0423,https://daraz.pk/page/8,daraz.pk,23,1,1,0,0
URL_0424,http://secure-login-verify.xyz/account/login/259,secure-login-verify.xyz,48,1,0,1,1
URL_0425,http://secure-secure-update.xyz/account/login/581,secure-secure-update.xyz,49,1,0,1,1
URL_0426,http://secure-claim-reward.xyz/account/login/406,secure-claim-reward.xyz,48,1,0,1,1
URL_0427,http://secure-account-check.xyz/account/login/286,secure-account-check.xyz,49,1,0,1,1
URL_0428,http://secure-login-verify.xyz/account/login/549,secure-login-verify.xyz,48,1,0,1,1
URL_0429,http://secure-secure-update.xyz/account/login/243,secure-secure-update.xyz,49,1,0,1,1
URL_0430,http://secure-account-check.xyz/account/login/105,secure-account-check.xyz,49,1,0,1,1
URL_0431,http://secure-secure-update.xyz/account/login/213,secure-secure-update.xyz,49,1,0,1,1
URL_0432,https://bankofpunjab.com.pk/page/3,bankofpunjab.com.pk,34,2,1,0,0
URL_0433,https://daraz.pk/page/27,daraz.pk,24,1,1,0,0
URL_0434,http://secure-login-verify.xyz/account/login/264,secure-login-verify.xyz,48,1,0,1,1
URL_0435,https://daraz.pk/page/43,daraz.pk,24,1,1,0,0
URL_0436,http://secure-login-verify.xyz/account/login/531,secure-login-verify.xyz,48,1,0,1,1
URL_0437,http://secure-free-crypto.xyz/account/login/607,secure-free-crypto.xyz,47,1,0,1,1
URL_0438,https://bankofpunjab.com.pk/page/49,bankofpunjab.com.pk,35,2,1,0,0
URL_0439,http://secure-free-crypto.xyz/account/login/843,secure-free-crypto.xyz,47,1,0,1,1
URL_0440,http://secure-secure-update.xyz/account/login/212,secure-secure-update.xyz,49,1,0,1,1
URL_0441,https://google.com/page/9,google.com,25,1,1,0,0
URL_0442,https://bankofpunjab.com.pk/page/33,bankofpunjab.com.pk,35,2,1,0,0
URL_0443,https://easypaisa.com.pk/page/16,easypaisa.com.pk,32,2,1,0,0
URL_0444,https://easypaisa.com.pk/page/22,easypaisa.com.pk,32,2,1,0,0
URL_0445,http://secure-free-crypto.xyz/account/login/855,secure-free-crypto.xyz,47,1,0,1,1
URL_0446,https://daraz.pk/page/31,daraz.pk,24,1,1,0,0
URL_0447,http://secure-claim-reward.xyz/account/login/597,secure-claim-reward.xyz,48,1,0,1,1
URL_0448,https://daraz.pk/page/16,daraz.pk,24,1,1,0,0
URL_0449,https://easypaisa.com.pk/page/33,easypaisa.com.pk,32,2,1,0,0
URL_0450,https://github.com/page/18,github.com,26,1,1,0,0
URL_0451,https://bankofpunjab.com.pk/page/45,bankofpunjab.com.pk,35,2,1,0,0
URL_0452,https://easypaisa.com.pk/page/28,easypaisa.com.pk,32,2,1,0,0
URL_0453,https://daraz.pk/page/46,daraz.pk,24,1,1,0,0
URL_0454,https://easypaisa.com.pk/page/47,easypaisa.com.pk,32,2,1,0,0
URL_0455,https://github.com/page/38,github.com,26,1,1,0,0
URL_0456,https://github.com/page/8,github.com,25,1,1,0,0
URL_0457,https://daraz.pk/page/3,daraz.pk,23,1,1,0,0
URL_0458,http://secure-secure-update.xyz/account/login/249,secure-secure-update.xyz,49,1,0,1,1
URL_0459,http://secure-login-verify.xyz/account/login/731,secure-login-verify.xyz,48,1,0,1,1
URL_0460,https://google.com/page/4,google.com,25,1,1,0,0
URL_0461,http://secure-account-check.xyz/account/login/637,secure-account-check.xyz,49,1,0,1,1
URL_0462,http://secure-secure-update.xyz/account/login/327,secure-secure-update.xyz,49,1,0,1,1
URL_0463,http://secure-account-check.xyz/account/login/590,secure-account-check.xyz,49,1,0,1,1
URL_0464,https://wikipedia.org/page/28,wikipedia.org,29,1,1,0,0
URL_0465,https://bankofpunjab.com.pk/page/8,bankofpunjab.com.pk,34,2,1,0,0
URL_0466,http://secure-claim-reward.xyz/account/login/387,secure-claim-reward.xyz,48,1,0,1,1
URL_0467,http://secure-account-check.xyz/account/login/352,secure-account-check.xyz,49,1,0,1,1
URL_0468,http://secure-login-verify.xyz/account/login/286,secure-login-verify.xyz,48,1,0,1,1
URL_0469,https://google.com/page/4,google.com,25,1,1,0,0
URL_0470,http://secure-secure-update.xyz/account/login/392,secure-secure-update.xyz,49,1,0,1,1
URL_0471,http://secure-claim-reward.xyz/account/login/721,secure-claim-reward.xyz,48,1,0,1,1
URL_0472,https://daraz.pk/page/12,daraz.pk,24,1,1,0,0
URL_0473,http://secure-account-check.xyz/account/login/472,secure-account-check.xyz,49,1,0,1,1
URL_0474,http://secure-claim-reward.xyz/account/login/214,secure-claim-reward.xyz,48,1,0,1,1
URL_0475,https://easypaisa.com.pk/page/1,easypaisa.com.pk,31,2,1,0,0
URL_0476,https://bankofpunjab.com.pk/page/24,bankofpunjab.com.pk,35,2,1,0,0
URL_0477,http://secure-free-crypto.xyz/account/login/641,secure-free-crypto.xyz,47,1,0,1,1
URL_0478,http://secure-secure-update.xyz/account/login/765,secure-secure-update.xyz,49,1,0,1,1
URL_0479,http://secure-secure-update.xyz/account/login/698,secure-secure-update.xyz,49,1,0,1,1
URL_0480,http://secure-login-verify.xyz/account/login/208,secure-login-verify.xyz,48,1,0,1,1
URL_0481,https://easypaisa.com.pk/page/48,easypaisa.com.pk,32,2,1,0,0
URL_0482,https://google.com/page/38,google.com,26,1,1,0,0
URL_0483,https://github.com/page/46,github.com,26,1,1,0,0
URL_0484,http://secure-login-verify.xyz/account/login/176,secure-login-verify.xyz,48,1,0,1,1
URL_0485,http://secure-claim-reward.xyz/account/login/842,secure-claim-reward.xyz,48,1,0,1,1
URL_0486,http://secure-secure-update.xyz/account/login/646,secure-secure-update.xyz,49,1,0,1,1
URL_0487,https://google.com/page/9,google.com,25,1,1,0,0
URL_0488,https://daraz.pk/page/36,daraz.pk,24,1,1,0,0
URL_0489,http://secure-free-crypto.xyz/account/login/455,secure-free-crypto.xyz,47,1,0,1,1
URL_0490,http://secure-account-check.xyz/account/login/744,secure-account-check.xyz,49,1,0,1,1
URL_0491,https://daraz.pk/page/5,daraz.pk,23,1,1,0,0
URL_0492,http://secure-account-check.xyz/account/login/636,secure-account-check.xyz,49,1,0,1,1
URL_0493,https://github.com/page/39,github.com,26,1,1,0,0
URL_0494,http://secure-secure-update.xyz/account/login/396,secure-secure-update.xyz,49,1,0,1,1
URL_0495,https://wikipedia.org/page/4,wikipedia.org,28,1,1,0,0
URL_0496,https://easypaisa.com.pk/page/26,easypaisa.com.pk,32,2,1,0,0
URL_0497,http://secure-free-crypto.xyz/account/login/991,secure-free-crypto.xyz,47,1,0,1,1
URL_0498,https://github.com/page/29,github.com,26,1,1,0,0
URL_0499,http://secure-free-crypto.xyz/account/login/898,secure-free-crypto.xyz,47,1,0,1,1
URL_0500,http://secure-account-check.xyz/account/login/721,secure-account-check.xyz,49,1,0,1,1
URL_0501,http://secure-secure-update.xyz/account/login/288,secure-secure-update.xyz,49,1,0,1,1
URL_0502,https://github.com/page/37,github.com,26,1,1,0,0
URL_0503,https://wikipedia.org/page/45,wikipedia.org,29,1,1,0,0
URL_0504,https://wikipedia.org/page/30,wikipedia.org,29,1,1,0,0
URL_0505,http://secure-claim-reward.xyz/account/login/972,secure-claim-reward.xyz,48,1,0,1,1
URL_0506,https://bankofpunjab.com.pk/page/46,bankofpunjab.com.pk,35,2,1,0,0
URL_0507,http://secure-free-crypto.xyz/account/login/221,secure-free-crypto.xyz,47,1,0,1,1
URL_0508,https://github.com/page/3,github.com,25,1,1,0,0
URL_0509,https://bankofpunjab.com.pk/page/3,bankofpunjab.com.pk,34,2,1,0,0
URL_0510,https://bankofpunjab.com.pk/page/9,bankofpunjab.com.pk,34,2,1,0,0
URL_0511,http://secure-login-verify.xyz/account/login/757,secure-login-verify.xyz,48,1,0,1,1
URL_0512,https://github.com/page/35,github.com,26,1,1,0,0
URL_0513,https://google.com/page/42,google.com,26,1,1,0,0
URL_0514,http://secure-free-crypto.xyz/account/login/477,secure-free-crypto.xyz,47,1,0,1,1
URL_0515,http://secure-login-verify.xyz/account/login/822,secure-login-verify.xyz,48,1,0,1,1
URL_0516,http://secure-secure-update.xyz/account/login/518,secure-secure-update.xyz,49,1,0,1,1
URL_0517,http://secure-claim-reward.xyz/account/login/158,secure-claim-reward.xyz,48,1,0,1,1
URL_0518,https://bankofpunjab.com.pk/page/15,bankofpunjab.com.pk,35,2,1,0,0
URL_0519,http://secure-secure-update.xyz/account/login/362,secure-secure-update.xyz,49,1,0,1,1
URL_0520,https://wikipedia.org/page/43,wikipedia.org,29,1,1,0,0
URL_0521,https://easypaisa.com.pk/page/48,easypaisa.com.pk,32,2,1,0,0
URL_0522,http://secure-claim-reward.xyz/account/login/990,secure-claim-reward.xyz,48,1,0,1,1
URL_0523,https://daraz.pk/page/15,daraz.pk,24,1,1,0,0
URL_0524,http://secure-claim-reward.xyz/account/login/308,secure-claim-reward.xyz,48,1,0,1,1
URL_0525,http://secure-secure-update.xyz/account/login/556,secure-secure-update.xyz,49,1,0,1,1
URL_0526,https://easypaisa.com.pk/page/47,easypaisa.com.pk,32,2,1,0,0
URL_0527,http://secure-claim-reward.xyz/account/login/251,secure-claim-reward.xyz,48,1,0,1,1
URL_0528,http://secure-login-verify.xyz/account/login/607,secure-login-verify.xyz,48,1,0,1,1
URL_0529,https://daraz.pk/page/12,daraz.pk,24,1,1,0,0
URL_0530,https://github.com/page/37,github.com,26,1,1,0,0
URL_0531,http://secure-secure-update.xyz/account/login/763,secure-secure-update.xyz,49,1,0,1,1
URL_0532,http://secure-login-verify.xyz/account/login/417,secure-login-verify.xyz,48,1,0,1,1
URL_0533,https://github.com/page/26,github.com,26,1,1,0,0
URL_0534,https://google.com/page/10,google.com,26,1,1,0,0
URL_0535,https://daraz.pk/page/16,daraz.pk,24,1,1,0,0
URL_0536,http://secure-account-check.xyz/account/login/202,secure-account-check.xyz,49,1,0,1,1
URL_0537,https://easypaisa.com.pk/page/49,easypaisa.com.pk,32,2,1,0,0
URL_0538,https://wikipedia.org/page/7,wikipedia.org,28,1,1,0,0
URL_0539,http://secure-account-check.xyz/account/login/121,secure-account-check.xyz,49,1,0,1,1
URL_0540,https://google.com/page/49,google.com,26,1,1,0,0
URL_0541,https://github.com/page/16,github.com,26,1,1,0,0
URL_0542,https://bankofpunjab.com.pk/page/10,bankofpunjab.com.pk,35,2,1,0,0
URL_0543,https://google.com/page/7,google.com,25,1,1,0,0
URL_0544,http://secure-login-verify.xyz/account/login/307,secure-login-verify.xyz,48,1,0,1,1
URL_0545,https://daraz.pk/page/49,daraz.pk,24,1,1,0,0
URL_0546,http://secure-secure-update.xyz/account/login/414,secure-secure-update.xyz,49,1,0,1,1
URL_0547,http://secure-account-check.xyz/account/login/258,secure-account-check.xyz,49,1,0,1,1
URL_0548,https://google.com/page/35,google.com,26,1,1,0,0
URL_0549,http://secure-free-crypto.xyz/account/login/226,secure-free-crypto.xyz,47,1,0,1,1
URL_0550,https://google.com/page/7,google.com,25,1,1,0,0
URL_0551,http://secure-login-verify.xyz/account/login/623,secure-login-verify.xyz,48,1,0,1,1
URL_0552,http://secure-secure-update.xyz/account/login/101,secure-secure-update.xyz,49,1,0,1,1
URL_0553,https://google.com/page/15,google.com,26,1,1,0,0
URL_0554,http://secure-account-check.xyz/account/login/250,secure-account-check.xyz,49,1,0,1,1
URL_0555,http://secure-claim-reward.xyz/account/login/331,secure-claim-reward.xyz,48,1,0,1,1
URL_0556,http://secure-login-verify.xyz/account/login/603,secure-login-verify.xyz,48,1,0,1,1
URL_0557,https://google.com/page/15,google.com,26,1,1,0,0
URL_0558,https://bankofpunjab.com.pk/page/23,bankofpunjab.com.pk,35,2,1,0,0
URL_0559,https://wikipedia.org/page/22,wikipedia.org,29,1,1,0,0
URL_0560,https://bankofpunjab.com.pk/page/6,bankofpunjab.com.pk,34,2,1,0,0
URL_0561,https://wikipedia.org/page/10,wikipedia.org,29,1,1,0,0
URL_0562,https://daraz.pk/page/34,daraz.pk,24,1,1,0,0
URL_0563,http://secure-free-crypto.xyz/account/login/285,secure-free-crypto.xyz,47,1,0,1,1
URL_0564,http://secure-secure-update.xyz/account/login/783,secure-secure-update.xyz,49,1,0,1,1
URL_0565,http://secure-free-crypto.xyz/account/login/937,secure-free-crypto.xyz,47,1,0,1,1
URL_0566,http://secure-claim-reward.xyz/account/login/996,secure-claim-reward.xyz,48,1,0,1,1
URL_0567,https://bankofpunjab.com.pk/page/32,bankofpunjab.com.pk,35,2,1,0,0
URL_0568,http://secure-claim-reward.xyz/account/login/930,secure-claim-reward.xyz,48,1,0,1,1
URL_0569,https://google.com/page/10,google.com,26,1,1,0,0
URL_0570,https://bankofpunjab.com.pk/page/10,bankofpunjab.com.pk,35,2,1,0,0
URL_0571,http://secure-account-check.xyz/account/login/838,secure-account-check.xyz,49,1,0,1,1
URL_0572,http://secure-login-verify.xyz/account/login/215,secure-login-verify.xyz,48,1,0,1,1
URL_0573,http://secure-claim-reward.xyz/account/login/248,secure-claim-reward.xyz,48,1,0,1,1
URL_0574,https://bankofpunjab.com.pk/page/9,bankofpunjab.com.pk,34,2,1,0,0
URL_0575,https://daraz.pk/page/23,daraz.pk,24,1,1,0,0
URL_0576,http://secure-account-check.xyz/account/login/534,secure-account-check.xyz,49,1,0,1,1
URL_0577,http://secure-account-check.xyz/account/login/716,secure-account-check.xyz,49,1,0,1,1
URL_0578,http://secure-secure-update.xyz/account/login/921,secure-secure-update.xyz,49,1,0,1,1
URL_0579,https://daraz.pk/page/27,daraz.pk,24,1,1,0,0
URL_0580,http://secure-free-crypto.xyz/account/login/646,secure-free-crypto.xyz,47,1,0,1,1
URL_0581,http://secure-free-crypto.xyz/account/login/649,secure-free-crypto.xyz,47,1,0,1,1
URL_0582,https://daraz.pk/page/6,daraz.pk,23,1,1,0,0
URL_0583,http://secure-free-crypto.xyz/account/login/691,secure-free-crypto.xyz,47,1,0,1,1
URL_0584,https://easypaisa.com.pk/page/6,easypaisa.com.pk,31,2,1,0,0
URL_0585,https://bankofpunjab.com.pk/page/1,bankofpunjab.com.pk,34,2,1,0,0
URL_0586,https://google.com/page/24,google.com,26,1,1,0,0
URL_0587,http://secure-secure-update.xyz/account/login/212,secure-secure-update.xyz,49,1,0,1,1
URL_0588,https://bankofpunjab.com.pk/page/24,bankofpunjab.com.pk,35,2,1,0,0
URL_0589,https://bankofpunjab.com.pk/page/30,bankofpunjab.com.pk,35,2,1,0,0
URL_0590,https://wikipedia.org/page/27,wikipedia.org,29,1,1,0,0
URL_0591,https://github.com/page/15,github.com,26,1,1,0,0
URL_0592,https://easypaisa.com.pk/page/9,easypaisa.com.pk,31,2,1,0,0
URL_0593,https://easypaisa.com.pk/page/46,easypaisa.com.pk,32,2,1,0,0
URL_0594,https://daraz.pk/page/47,daraz.pk,24,1,1,0,0
URL_0595,https://easypaisa.com.pk/page/28,easypaisa.com.pk,32,2,1,0,0
URL_0596,http://secure-login-verify.xyz/account/login/818,secure-login-verify.xyz,48,1,0,1,1
URL_0597,https://easypaisa.com.pk/page/38,easypaisa.com.pk,32,2,1,0,0
URL_0598,https://daraz.pk/page/39,daraz.pk,24,1,1,0,0
URL_0599,https://google.com/page/10,google.com,26,1,1,0,0
URL_0600,http://secure-secure-update.xyz/account/login/180,secure-secure-update.xyz,49,1,0,1,1
URL_0601,https://google.com/page/1,google.com,25,1,1,0,0
URL_0602,http://secure-secure-update.xyz/account/login/883,secure-secure-update.xyz,49,1,0,1,1
URL_0603,https://daraz.pk/page/48,daraz.pk,24,1,1,0,0
URL_0604,https://easypaisa.com.pk/page/34,easypaisa.com.pk,32,2,1,0,0
URL_0605,http://secure-account-check.xyz/account/login/521,secure-account-check.xyz,49,1,0,1,1
URL_0606,http://secure-account-check.xyz/account/login/900,secure-account-check.xyz,49,1,0,1,1
URL_0607,https://bankofpunjab.com.pk/page/8,bankofpunjab.com.pk,34,2,1,0,0
URL_0608,https://google.com/page/42,google.com,26,1,1,0,0
URL_0609,https://wikipedia.org/page/49,wikipedia.org,29,1,1,0,0
URL_0610,https://wikipedia.org/page/11,wikipedia.org,29,1,1,0,0
URL_0611,https://daraz.pk/page/28,daraz.pk,24,1,1,0,0
URL_0612,http://secure-free-crypto.xyz/account/login/828,secure-free-crypto.xyz,47,1,0,1,1
URL_0613,http://secure-free-crypto.xyz/account/login/613,secure-free-crypto.xyz,47,1,0,1,1
URL_0614,http://secure-secure-update.xyz/account/login/533,secure-secure-update.xyz,49,1,0,1,1
URL_0615,https://bankofpunjab.com.pk/page/6,bankofpunjab.com.pk,34,2,1,0,0
URL_0616,http://secure-secure-update.xyz/account/login/860,secure-secure-update.xyz,49,1,0,1,1
URL_0617,https://daraz.pk/page/40,daraz.pk,24,1,1,0,0
URL_0618,https://github.com/page/26,github.com,26,1,1,0,0
URL_0619,https://easypaisa.com.pk/page/36,easypaisa.com.pk,32,2,1,0,0
URL_0620,https://easypaisa.com.pk/page/30,easypaisa.com.pk,32,2,1,0,0
URL_0621,http://secure-claim-reward.xyz/account/login/768,secure-claim-reward.xyz,48,1,0,1,1
URL_0622,http://secure-account-check.xyz/account/login/268,secure-account-check.xyz,49,1,0,1,1
URL_0623,https://bankofpunjab.com.pk/page/42,bankofpunjab.com.pk,35,2,1,0,0
URL_0624,http://secure-secure-update.xyz/account/login/376,secure-secure-update.xyz,49,1,0,1,1
URL_0625,https://google.com/page/5,google.com,25,1,1,0,0
URL_0626,http://secure-free-crypto.xyz/account/login/897,secure-free-crypto.xyz,47,1,0,1,1
URL_0627,http://secure-login-verify.xyz/account/login/345,secure-login-verify.xyz,48,1,0,1,1
URL_0628,http://secure-secure-update.xyz/account/login/654,secure-secure-update.xyz,49,1,0,1,1
URL_0629,https://google.com/page/14,google.com,26,1,1,0,0
URL_0630,https://bankofpunjab.com.pk/page/13,bankofpunjab.com.pk,35,2,1,0,0
URL_0631,https://easypaisa.com.pk/page/3,easypaisa.com.pk,31,2,1,0,0
URL_0632,https://bankofpunjab.com.pk/page/6,bankofpunjab.com.pk,34,2,1,0,0
URL_0633,https://wikipedia.org/page/31,wikipedia.org,29,1,1,0,0
URL_0634,https://google.com/page/21,google.com,26,1,1,0,0
URL_0635,https://bankofpunjab.com.pk/page/1,bankofpunjab.com.pk,34,2,1,0,0
URL_0636,http://secure-claim-reward.xyz/account/login/507,secure-claim-reward.xyz,48,1,0,1,1
URL_0637,https://bankofpunjab.com.pk/page/49,bankofpunjab.com.pk,35,2,1,0,0
URL_0638,http://secure-claim-reward.xyz/account/login/232,secure-claim-reward.xyz,48,1,0,1,1
URL_0639,https://bankofpunjab.com.pk/page/27,bankofpunjab.com.pk,35,2,1,0,0
URL_0640,https://wikipedia.org/page/50,wikipedia.org,29,1,1,0,0
URL_0641,https://google.com/page/38,google.com,26,1,1,0,0
URL_0642,http://secure-account-check.xyz/account/login/700,secure-account-check.xyz,49,1,0,1,1
URL_0643,https://bankofpunjab.com.pk/page/11,bankofpunjab.com.pk,35,2,1,0,0
URL_0644,https://easypaisa.com.pk/page/30,easypaisa.com.pk,32,2,1,0,0
URL_0645,https://easypaisa.com.pk/page/6,easypaisa.com.pk,31,2,1,0,0
URL_0646,https://github.com/page/44,github.com,26,1,1,0,0
URL_0647,https://easypaisa.com.pk/page/11,easypaisa.com.pk,32,2,1,0,0
URL_0648,http://secure-account-check.xyz/account/login/904,secure-account-check.xyz,49,1,0,1,1
URL_0649,https://bankofpunjab.com.pk/page/19,bankofpunjab.com.pk,35,2,1,0,0
URL_0650,http://secure-free-crypto.xyz/account/login/976,secure-free-crypto.xyz,47,1,0,1,1
URL_0651,http://secure-login-verify.xyz/account/login/829,secure-login-verify.xyz,48,1,0,1,1
URL_0652,http://secure-secure-update.xyz/account/login/313,secure-secure-update.xyz,49,1,0,1,1
URL_0653,https://github.com/page/37,github.com,26,1,1,0,0
URL_0654,http://secure-login-verify.xyz/account/login/924,secure-login-verify.xyz,48,1,0,1,1
URL_0655,https://github.com/page/50,github.com,26,1,1,0,0
URL_0656,http://secure-free-crypto.xyz/account/login/988,secure-free-crypto.xyz,47,1,0,1,1
URL_0657,https://daraz.pk/page/7,daraz.pk,23,1,1,0,0
URL_0658,http://secure-claim-reward.xyz/account/login/273,secure-claim-reward.xyz,48,1,0,1,1
URL_0659,http://secure-secure-update.xyz/account/login/169,secure-secure-update.xyz,49,1,0,1,1
URL_0660,http://secure-free-crypto.xyz/account/login/472,secure-free-crypto.xyz,47,1,0,1,1
URL_0661,http://secure-login-verify.xyz/account/login/172,secure-login-verify.xyz,48,1,0,1,1
URL_0662,https://easypaisa.com.pk/page/50,easypaisa.com.pk,32,2,1,0,0
URL_0663,http://secure-claim-reward.xyz/account/login/584,secure-claim-reward.xyz,48,1,0,1,1
URL_0664,http://secure-account-check.xyz/account/login/765,secure-account-check.xyz,49,1,0,1,1
URL_0665,https://google.com/page/37,google.com,26,1,1,0,0
URL_0666,http://secure-login-verify.xyz/account/login/472,secure-login-verify.xyz,48,1,0,1,1
URL_0667,http://secure-account-check.xyz/account/login/518,secure-account-check.xyz,49,1,0,1,1
URL_0668,https://daraz.pk/page/24,daraz.pk,24,1,1,0,0
URL_0669,http://secure-claim-reward.xyz/account/login/185,secure-claim-reward.xyz,48,1,0,1,1
URL_0670,http://secure-free-crypto.xyz/account/login/560,secure-free-crypto.xyz,47,1,0,1,1
URL_0671,http://secure-login-verify.xyz/account/login/735,secure-login-verify.xyz,48,1,0,1,1
URL_0672,https://easypaisa.com.pk/page/16,easypaisa.com.pk,32,2,1,0,0
URL_0673,https://github.com/page/7,github.com,25,1,1,0,0
URL_0674,http://secure-account-check.xyz/account/login/262,secure-account-check.xyz,49,1,0,1,1
URL_0675,http://secure-login-verify.xyz/account/login/328,secure-login-verify.xyz,48,1,0,1,1
URL_0676,http://secure-account-check.xyz/account/login/785,secure-account-check.xyz,49,1,0,1,1
URL_0677,https://bankofpunjab.com.pk/page/30,bankofpunjab.com.pk,35,2,1,0,0
URL_0678,http://secure-free-crypto.xyz/account/login/937,secure-free-crypto.xyz,47,1,0,1,1
URL_0679,http://secure-login-verify.xyz/account/login/187,secure-login-verify.xyz,48,1,0,1,1
URL_0680,https://easypaisa.com.pk/page/7,easypaisa.com.pk,31,2,1,0,0
URL_0681,http://secure-account-check.xyz/account/login/304,secure-account-check.xyz,49,1,0,1,1
URL_0682,http://secure-claim-reward.xyz/account/login/166,secure-claim-reward.xyz,48,1,0,1,1
URL_0683,http://secure-claim-reward.xyz/account/login/718,secure-claim-reward.xyz,48,1,0,1,1
URL_0684,http://secure-secure-update.xyz/account/login/819,secure-secure-update.xyz,49,1,0,1,1
URL_0685,http://secure-login-verify.xyz/account/login/385,secure-login-verify.xyz,48,1,0,1,1
URL_0686,http://secure-login-verify.xyz/account/login/658,secure-login-verify.xyz,48,1,0,1,1
URL_0687,https://daraz.pk/page/10,daraz.pk,24,1,1,0,0
URL_0688,https://bankofpunjab.com.pk/page/37,bankofpunjab.com.pk,35,2,1,0,0
URL_0689,https://wikipedia.org/page/50,wikipedia.org,29,1,1,0,0
URL_0690,http://secure-login-verify.xyz/account/login/927,secure-login-verify.xyz,48,1,0,1,1
URL_0691,http://secure-account-check.xyz/account/login/584,secure-account-check.xyz,49,1,0,1,1
URL_0692,https://google.com/page/14,google.com,26,1,1,0,0
URL_0693,https://easypaisa.com.pk/page/28,easypaisa.com.pk,32,2,1,0,0
URL_0694,http://secure-claim-reward.xyz/account/login/750,secure-claim-reward.xyz,48,1,0,1,1
URL_0695,https://google.com/page/10,google.com,26,1,1,0,0
URL_0696,https://bankofpunjab.com.pk/page/26,bankofpunjab.com.pk,35,2,1,0,0
URL_0697,https://bankofpunjab.com.pk/page/46,bankofpunjab.com.pk,35,2,1,0,0
URL_0698,http://secure-account-check.xyz/account/login/637,secure-account-check.xyz,49,1,0,1,1
URL_0699,https://easypaisa.com.pk/page/17,easypaisa.com.pk,32,2,1,0,0
URL_0700,https://google.com/page/6,google.com,25,1,1,0,0
URL_0701,http://secure-claim-reward.xyz/account/login/871,secure-claim-reward.xyz,48,1,0,1,1
URL_0702,http://secure-secure-update.xyz/account/login/303,secure-secure-update.xyz,49,1,0,1,1
URL_0703,http://secure-account-check.xyz/account/login/593,secure-account-check.xyz,49,1,0,1,1
URL_0704,http://secure-free-crypto.xyz/account/login/805,secure-free-crypto.xyz,47,1,0,1,1
URL_0705,https://easypaisa.com.pk/page/28,easypaisa.com.pk,32,2,1,0,0
URL_0706,http://secure-free-crypto.xyz/account/login/498,secure-free-crypto.xyz,47,1,0,1,1
URL_0707,https://wikipedia.org/page/39,wikipedia.org,29,1,1,0,0
URL_0708,https://google.com/page/47,google.com,26,1,1,0,0
URL_0709,https://bankofpunjab.com.pk/page/43,bankofpunjab.com.pk,35,2,1,0,0
URL_0710,http://secure-login-verify.xyz/account/login/254,secure-login-verify.xyz,48,1,0,1,1
URL_0711,http://secure-secure-update.xyz/account/login/611,secure-secure-update.xyz,49,1,0,1,1
URL_0712,http://secure-login-verify.xyz/account/login/911,secure-login-verify.xyz,48,1,0,1,1
URL_0713,http://secure-claim-reward.xyz/account/login/633,secure-claim-reward.xyz,48,1,0,1,1
URL_0714,https://daraz.pk/page/9,daraz.pk,23,1,1,0,0
URL_0715,http://secure-free-crypto.xyz/account/login/199,secure-free-crypto.xyz,47,1,0,1,1
URL_0716,https://github.com/page/48,github.com,26,1,1,0,0
URL_0717,https://daraz.pk/page/45,daraz.pk,24,1,1,0,0
URL_0718,https://wikipedia.org/page/25,wikipedia.org,29,1,1,0,0
URL_0719,https://bankofpunjab.com.pk/page/14,bankofpunjab.com.pk,35,2,1,0,0
URL_0720,https://easypaisa.com.pk/page/37,easypaisa.com.pk,32,2,1,0,0
URL_0721,https://bankofpunjab.com.pk/page/24,bankofpunjab.com.pk,35,2,1,0,0
URL_0722,https://bankofpunjab.com.pk/page/20,bankofpunjab.com.pk,35,2,1,0,0
URL_0723,https://easypaisa.com.pk/page/32,easypaisa.com.pk,32,2,1,0,0
URL_0724,http://secure-account-check.xyz/account/login/520,secure-account-check.xyz,49,1,0,1,1
URL_0725,http://secure-claim-reward.xyz/account/login/948,secure-claim-reward.xyz,48,1,0,1,1
URL_0726,http://secure-free-crypto.xyz/account/login/883,secure-free-crypto.xyz,47,1,0,1,1
URL_0727,http://secure-login-verify.xyz/account/login/280,secure-login-verify.xyz,48,1,0,1,1
URL_0728,http://secure-account-check.xyz/account/login/482,secure-account-check.xyz,49,1,0,1,1
URL_0729,https://wikipedia.org/page/39,wikipedia.org,29,1,1,0,0
URL_0730,https://wikipedia.org/page/28,wikipedia.org,29,1,1,0,0
URL_0731,http://secure-claim-reward.xyz/account/login/965,secure-claim-reward.xyz,48,1,0,1,1
URL_0732,http://secure-claim-reward.xyz/account/login/818,secure-claim-reward.xyz,48,1,0,1,1
URL_0733,https://google.com/page/7,google.com,25,1,1,0,0
URL_0734,https://easypaisa.com.pk/page/2,easypaisa.com.pk,31,2,1,0,0
URL_0735,http://secure-login-verify.xyz/account/login/608,secure-login-verify.xyz,48,1,0,1,1
URL_0736,https://easypaisa.com.pk/page/29,easypaisa.com.pk,32,2,1,0,0
URL_0737,https://easypaisa.com.pk/page/19,easypaisa.com.pk,32,2,1,0,0
URL_0738,http://secure-secure-update.xyz/account/login/328,secure-secure-update.xyz,49,1,0,1,1
URL_0739,http://secure-free-crypto.xyz/account/login/490,secure-free-crypto.xyz,47,1,0,1,1
URL_0740,https://github.com/page/31,github.com,26,1,1,0,0
URL_0741,https://bankofpunjab.com.pk/page/30,bankofpunjab.com.pk,35,2,1,0,0
URL_0742,http://secure-account-check.xyz/account/login/107,secure-account-check.xyz,49,1,0,1,1
URL_0743,http://secure-secure-update.xyz/account/login/619,secure-secure-update.xyz,49,1,0,1,1
URL_0744,http://secure-claim-reward.xyz/account/login/774,secure-claim-reward.xyz,48,1,0,1,1
URL_0745,http://secure-claim-reward.xyz/account/login/958,secure-claim-reward.xyz,48,1,0,1,1
URL_0746,http://secure-secure-update.xyz/account/login/104,secure-secure-update.xyz,49,1,0,1,1
URL_0747,http://secure-login-verify.xyz/account/login/115,secure-login-verify.xyz,48,1,0,1,1
URL_0748,https://github.com/page/24,github.com,26,1,1,0,0
URL_0749,http://secure-claim-reward.xyz/account/login/274,secure-claim-reward.xyz,48,1,0,1,1
URL_0750,http://secure-secure-update.xyz/account/login/669,secure-secure-update.xyz,49,1,0,1,1
URL_0751,http://secure-secure-update.xyz/account/login/731,secure-secure-update.xyz,49,1,0,1,1
URL_0752,http://secure-login-verify.xyz/account/login/920,secure-login-verify.xyz,48,1,0,1,1
URL_0753,http://secure-secure-update.xyz/account/login/751,secure-secure-update.xyz,49,1,0,1,1
URL_0754,http://secure-secure-update.xyz/account/login/512,secure-secure-update.xyz,49,1,0,1,1
URL_0755,http://secure-free-crypto.xyz/account/login/262,secure-free-crypto.xyz,47,1,0,1,1
URL_0756,http://secure-secure-update.xyz/account/login/201,secure-secure-update.xyz,49,1,0,1,1
URL_0757,https://wikipedia.org/page/8,wikipedia.org,28,1,1,0,0
URL_0758,http://secure-claim-reward.xyz/account/login/957,secure-claim-reward.xyz,48,1,0,1,1
URL_0759,https://bankofpunjab.com.pk/page/14,bankofpunjab.com.pk,35,2,1,0,0
URL_0760,https://google.com/page/2,google.com,25,1,1,0,0
URL_0761,http://secure-login-verify.xyz/account/login/743,secure-login-verify.xyz,48,1,0,1,1
URL_0762,https://google.com/page/40,google.com,26,1,1,0,0
URL_0763,https://wikipedia.org/page/25,wikipedia.org,29,1,1,0,0
URL_0764,https://easypaisa.com.pk/page/47,easypaisa.com.pk,32,2,1,0,0
URL_0765,https://daraz.pk/page/41,daraz.pk,24,1,1,0,0
URL_0766,http://secure-secure-update.xyz/account/login/345,secure-secure-update.xyz,49,1,0,1,1
URL_0767,https://bankofpunjab.com.pk/page/13,bankofpunjab.com.pk,35,2,1,0,0
URL_0768,https://easypaisa.com.pk/page/50,easypaisa.com.pk,32,2,1,0,0
URL_0769,http://secure-claim-reward.xyz/account/login/775,secure-claim-reward.xyz,48,1,0,1,1
URL_0770,https://bankofpunjab.com.pk/page/6,bankofpunjab.com.pk,34,2,1,0,0
URL_0771,https://easypaisa.com.pk/page/2,easypaisa.com.pk,31,2,1,0,0
URL_0772,https://google.com/page/30,google.com,26,1,1,0,0
URL_0773,https://google.com/page/10,google.com,26,1,1,0,0
URL_0774,http://secure-claim-reward.xyz/account/login/284,secure-claim-reward.xyz,48,1,0,1,1
URL_0775,https://google.com/page/32,google.com,26,1,1,0,0
URL_0776,http://secure-secure-update.xyz/account/login/500,secure-secure-update.xyz,49,1,0,1,1
URL_0777,https://daraz.pk/page/2,daraz.pk,23,1,1,0,0
URL_0778,http://secure-login-verify.xyz/account/login/598,secure-login-verify.xyz,48,1,0,1,1
URL_0779,https://github.com/page/44,github.com,26,1,1,0,0
URL_0780,http://secure-account-check.xyz/account/login/421,secure-account-check.xyz,49,1,0,1,1
URL_0781,http://secure-secure-update.xyz/account/login/284,secure-secure-update.xyz,49,1,0,1,1
URL_0782,http://secure-login-verify.xyz/account/login/282,secure-login-verify.xyz,48,1,0,1,1
URL_0783,https://google.com/page/22,google.com,26,1,1,0,0
URL_0784,http://secure-account-check.xyz/account/login/728,secure-account-check.xyz,49,1,0,1,1
URL_0785,https://github.com/page/34,github.com,26,1,1,0,0
URL_0786,http://secure-login-verify.xyz/account/login/297,secure-login-verify.xyz,48,1,0,1,1
URL_0787,https://wikipedia.org/page/2,wikipedia.org,28,1,1,0,0
URL_0788,https://github.com/page/24,github.com,26,1,1,0,0
URL_0789,https://github.com/page/2,github.com,25,1,1,0,0
URL_0790,http://secure-secure-update.xyz/account/login/325,secure-secure-update.xyz,49,1,0,1,1
URL_0791,https://easypaisa.com.pk/page/45,easypaisa.com.pk,32,2,1,0,0
URL_0792,https://bankofpunjab.com.pk/page/18,bankofpunjab.com.pk,35,2,1,0,0
URL_0793,http://secure-secure-update.xyz/account/login/194,secure-secure-update.xyz,49,1,0,1,1
URL_0794,http://secure-free-crypto.xyz/account/login/767,secure-free-crypto.xyz,47,1,0,1,1
URL_0795,http://secure-account-check.xyz/account/login/863,secure-account-check.xyz,49,1,0,1,1
URL_0796,http://secure-account-check.xyz/account/login/624,secure-account-check.xyz,49,1,0,1,1
URL_0797,http://secure-secure-update.xyz/account/login/356,secure-secure-update.xyz,49,1,0,1,1
URL_0798,https://github.com/page/44,github.com,26,1,1,0,0
URL_0799,http://secure-account-check.xyz/account/login/205,secure-account-check.xyz,49,1,0,1,1
URL_0800,http://secure-secure-update.xyz/account/login/913,secure-secure-update.xyz,49,1,0,1,1
URL_0801,https://easypaisa.com.pk/page/32,easypaisa.com.pk,32,2,1,0,0
URL_0802,http://secure-account-check.xyz/account/login/533,secure-account-check.xyz,49,1,0,1,1
URL_0803,http://secure-claim-reward.xyz/account/login/737,secure-claim-reward.xyz,48,1,0,1,1
URL_0804,https://wikipedia.org/page/25,wikipedia.org,29,1,1,0,0
URL_0805,http://secure-secure-update.xyz/account/login/680,secure-secure-update.xyz,49,1,0,1,1
URL_0806,http://secure-claim-reward.xyz/account/login/747,secure-claim-reward.xyz,48,1,0,1,1
URL_0807,https://daraz.pk/page/11,daraz.pk,24,1,1,0,0
URL_0808,https://wikipedia.org/page/17,wikipedia.org,29,1,1,0,0
URL_0809,http://secure-claim-reward.xyz/account/login/718,secure-claim-reward.xyz,48,1,0,1,1
URL_0810,http://secure-account-check.xyz/account/login/130,secure-account-check.xyz,49,1,0,1,1
URL_0811,https://github.com/page/21,github.com,26,1,1,0,0
URL_0812,http://secure-secure-update.xyz/account/login/466,secure-secure-update.xyz,49,1,0,1,1
URL_0813,https://google.com/page/14,google.com,26,1,1,0,0
URL_0814,http://secure-claim-reward.xyz/account/login/248,secure-claim-reward.xyz,48,1,0,1,1
URL_0815,http://secure-login-verify.xyz/account/login/109,secure-login-verify.xyz,48,1,0,1,1
URL_0816,http://secure-login-verify.xyz/account/login/834,secure-login-verify.xyz,48,1,0,1,1
URL_0817,http://secure-secure-update.xyz/account/login/576,secure-secure-update.xyz,49,1,0,1,1
URL_0818,http://secure-secure-update.xyz/account/login/675,secure-secure-update.xyz,49,1,0,1,1
URL_0819,https://daraz.pk/page/19,daraz.pk,24,1,1,0,0
URL_0820,https://wikipedia.org/page/14,wikipedia.org,29,1,1,0,0
URL_0821,https://wikipedia.org/page/18,wikipedia.org,29,1,1,0,0
URL_0822,https://wikipedia.org/page/42,wikipedia.org,29,1,1,0,0
URL_0823,http://secure-account-check.xyz/account/login/425,secure-account-check.xyz,49,1,0,1,1
URL_0824,http://secure-secure-update.xyz/account/login/301,secure-secure-update.xyz,49,1,0,1,1
URL_0825,https://daraz.pk/page/32,daraz.pk,24,1,1,0,0
URL_0826,https://bankofpunjab.com.pk/page/27,bankofpunjab.com.pk,35,2,1,0,0
URL_0827,https://google.com/page/29,google.com,26,1,1,0,0
URL_0828,https://wikipedia.org/page/21,wikipedia.org,29,1,1,0,0
URL_0829,http://secure-secure-update.xyz/account/login/690,secure-secure-update.xyz,49,1,0,1,1
URL_0830,https://bankofpunjab.com.pk/page/2,bankofpunjab.com.pk,34,2,1,0,0
URL_0831,https://daraz.pk/page/19,daraz.pk,24,1,1,0,0
URL_0832,https://daraz.pk/page/3,daraz.pk,23,1,1,0,0
URL_0833,https://bankofpunjab.com.pk/page/42,bankofpunjab.com.pk,35,2,1,0,0
URL_0834,https://google.com/page/31,google.com,26,1,1,0,0
URL_0835,https://daraz.pk/page/47,daraz.pk,24,1,1,0,0
URL_0836,http://secure-claim-reward.xyz/account/login/424,secure-claim-reward.xyz,48,1,0,1,1
URL_0837,http://secure-account-check.xyz/account/login/181,secure-account-check.xyz,49,1,0,1,1
URL_0838,http://secure-account-check.xyz/account/login/727,secure-account-check.xyz,49,1,0,1,1
URL_0839,https://daraz.pk/page/20,daraz.pk,24,1,1,0,0
URL_0840,http://secure-account-check.xyz/account/login/969,secure-account-check.xyz,49,1,0,1,1
URL_0841,https://bankofpunjab.com.pk/page/40,bankofpunjab.com.pk,35,2,1,0,0
URL_0842,https://google.com/page/15,google.com,26,1,1,0,0
URL_0843,https://google.com/page/9,google.com,25,1,1,0,0
URL_0844,https://bankofpunjab.com.pk/page/45,bankofpunjab.com.pk,35,2,1,0,0
URL_0845,http://secure-secure-update.xyz/account/login/274,secure-secure-update.xyz,49,1,0,1,1
URL_0846,https://github.com/page/47,github.com,26,1,1,0,0
URL_0847,http://secure-free-crypto.xyz/account/login/105,secure-free-crypto.xyz,47,1,0,1,1
URL_0848,https://bankofpunjab.com.pk/page/3,bankofpunjab.com.pk,34,2,1,0,0
URL_0849,https://google.com/page/20,google.com,26,1,1,0,0
URL_0850,https://bankofpunjab.com.pk/page/22,bankofpunjab.com.pk,35,2,1,0,0
URL_0851,http://secure-claim-reward.xyz/account/login/815,secure-claim-reward.xyz,48,1,0,1,1
URL_0852,https://github.com/page/38,github.com,26,1,1,0,0
URL_0853,http://secure-login-verify.xyz/account/login/229,secure-login-verify.xyz,48,1,0,1,1
URL_0854,http://secure-secure-update.xyz/account/login/871,secure-secure-update.xyz,49,1,0,1,1
URL_0855,http://secure-account-check.xyz/account/login/784,secure-account-check.xyz,49,1,0,1,1
URL_0856,https://wikipedia.org/page/34,wikipedia.org,29,1,1,0,0
URL_0857,https://wikipedia.org/page/31,wikipedia.org,29,1,1,0,0
URL_0858,http://secure-claim-reward.xyz/account/login/429,secure-claim-reward.xyz,48,1,0,1,1
URL_0859,http://secure-secure-update.xyz/account/login/194,secure-secure-update.xyz,49,1,0,1,1
URL_0860,http://secure-claim-reward.xyz/account/login/828,secure-claim-reward.xyz,48,1,0,1,1
URL_0861,https://bankofpunjab.com.pk/page/36,bankofpunjab.com.pk,35,2,1,0,0
URL_0862,https://easypaisa.com.pk/page/42,easypaisa.com.pk,32,2,1,0,0
URL_0863,https://easypaisa.com.pk/page/5,easypaisa.com.pk,31,2,1,0,0
URL_0864,https://daraz.pk/page/4,daraz.pk,23,1,1,0,0
URL_0865,https://google.com/page/43,google.com,26,1,1,0,0
URL_0866,https://daraz.pk/page/25,daraz.pk,24,1,1,0,0
URL_0867,https://daraz.pk/page/7,daraz.pk,23,1,1,0,0
URL_0868,http://secure-secure-update.xyz/account/login/933,secure-secure-update.xyz,49,1,0,1,1
URL_0869,http://secure-claim-reward.xyz/account/login/825,secure-claim-reward.xyz,48,1,0,1,1
URL_0870,http://secure-secure-update.xyz/account/login/968,secure-secure-update.xyz,49,1,0,1,1
URL_0871,https://github.com/page/15,github.com,26,1,1,0,0
URL_0872,http://secure-account-check.xyz/account/login/563,secure-account-check.xyz,49,1,0,1,1
URL_0873,https://daraz.pk/page/13,daraz.pk,24,1,1,0,0
URL_0874,https://bankofpunjab.com.pk/page/28,bankofpunjab.com.pk,35,2,1,0,0
URL_0875,https://easypaisa.com.pk/page/20,easypaisa.com.pk,32,2,1,0,0
URL_0876,https://github.com/page/30,github.com,26,1,1,0,0
URL_0877,https://easypaisa.com.pk/page/8,easypaisa.com.pk,31,2,1,0,0
URL_0878,https://google.com/page/30,google.com,26,1,1,0,0
URL_0879,https://bankofpunjab.com.pk/page/2,bankofpunjab.com.pk,34,2,1,0,0
URL_0880,http://secure-free-crypto.xyz/account/login/563,secure-free-crypto.xyz,47,1,0,1,1
URL_0881,http://secure-claim-reward.xyz/account/login/221,secure-claim-reward.xyz,48,1,0,1,1
URL_0882,https://bankofpunjab.com.pk/page/28,bankofpunjab.com.pk,35,2,1,0,0
URL_0883,https://github.com/page/26,github.com,26,1,1,0,0
URL_0884,http://secure-free-crypto.xyz/account/login/441,secure-free-crypto.xyz,47,1,0,1,1
URL_0885,https://daraz.pk/page/18,daraz.pk,24,1,1,0,0
URL_0886,http://secure-login-verify.xyz/account/login/150,secure-login-verify.xyz,48,1,0,1,1
URL_0887,http://secure-account-check.xyz/account/login/298,secure-account-check.xyz,49,1,0,1,1
URL_0888,http://secure-secure-update.xyz/account/login/512,secure-secure-update.xyz,49,1,0,1,1
URL_0889,https://wikipedia.org/page/18,wikipedia.org,29,1,1,0,0
URL_0890,http://secure-free-crypto.xyz/account/login/543,secure-free-crypto.xyz,47,1,0,1,1
URL_0891,https://easypaisa.com.pk/page/4,easypaisa.com.pk,31,2,1,0,0
URL_0892,https://google.com/page/15,google.com,26,1,1,0,0
URL_0893,https://google.com/page/3,google.com,25,1,1,0,0
URL_0894,http://secure-secure-update.xyz/account/login/167,secure-secure-update.xyz,49,1,0,1,1
URL_0895,https://bankofpunjab.com.pk/page/15,bankofpunjab.com.pk,35,2,1,0,0
URL_0896,http://secure-account-check.xyz/account/login/502,secure-account-check.xyz,49,1,0,1,1
URL_0897,https://github.com/page/47,github.com,26,1,1,0,0
URL_0898,http://secure-account-check.xyz/account/login/310,secure-account-check.xyz,49,1,0,1,1
URL_0899,https://github.com/page/23,github.com,26,1,1,0,0
URL_0900,http://secure-free-crypto.xyz/account/login/394,secure-free-crypto.xyz,47,1,0,1,1
URL_0901,https://google.com/page/12,google.com,26,1,1,0,0
URL_0902,http://secure-claim-reward.xyz/account/login/973,secure-claim-reward.xyz,48,1,0,1,1
URL_0903,https://github.com/page/21,github.com,26,1,1,0,0
URL_0904,https://github.com/page/12,github.com,26,1,1,0,0
URL_0905,http://secure-account-check.xyz/account/login/245,secure-account-check.xyz,49,1,0,1,1
URL_0906,https://easypaisa.com.pk/page/31,easypaisa.com.pk,32,2,1,0,0
URL_0907,http://secure-claim-reward.xyz/account/login/121,secure-claim-reward.xyz,48,1,0,1,1
URL_0908,https://bankofpunjab.com.pk/page/5,bankofpunjab.com.pk,34,2,1,0,0
URL_0909,https://easypaisa.com.pk/page/49,easypaisa.com.pk,32,2,1,0,0
URL_0910,https://wikipedia.org/page/23,wikipedia.org,29,1,1,0,0
URL_0911,http://secure-free-crypto.xyz/account/login/101,secure-free-crypto.xyz,47,1,0,1,1
URL_0912,http://secure-secure-update.xyz/account/login/583,secure-secure-update.xyz,49,1,0,1,1
URL_0913,https://google.com/page/2,google.com,25,1,1,0,0
URL_0914,http://secure-secure-update.xyz/account/login/637,secure-secure-update.xyz,49,1,0,1,1
URL_0915,https://github.com/page/50,github.com,26,1,1,0,0
URL_0916,https://google.com/page/20,google.com,26,1,1,0,0
URL_0917,http://secure-account-check.xyz/account/login/602,secure-account-check.xyz,49,1,0,1,1
URL_0918,http://secure-free-crypto.xyz/account/login/363,secure-free-crypto.xyz,47,1,0,1,1
URL_0919,http://secure-claim-reward.xyz/account/login/473,secure-claim-reward.xyz,48,1,0,1,1
URL_0920,http://secure-login-verify.xyz/account/login/947,secure-login-verify.xyz,48,1,0,1,1
URL_0921,http://secure-claim-reward.xyz/account/login/827,secure-claim-reward.xyz,48,1,0,1,1
URL_0922,http://secure-free-crypto.xyz/account/login/893,secure-free-crypto.xyz,47,1,0,1,1
URL_0923,http://secure-login-verify.xyz/account/login/376,secure-login-verify.xyz,48,1,0,1,1
URL_0924,https://github.com/page/27,github.com,26,1,1,0,0
URL_0925,https://easypaisa.com.pk/page/10,easypaisa.com.pk,32,2,1,0,0
URL_0926,http://secure-account-check.xyz/account/login/131,secure-account-check.xyz,49,1,0,1,1
URL_0927,https://wikipedia.org/page/48,wikipedia.org,29,1,1,0,0
URL_0928,http://secure-claim-reward.xyz/account/login/311,secure-claim-reward.xyz,48,1,0,1,1
URL_0929,https://github.com/page/25,github.com,26,1,1,0,0
URL_0930,https://bankofpunjab.com.pk/page/41,bankofpunjab.com.pk,35,2,1,0,0
URL_0931,http://secure-free-crypto.xyz/account/login/279,secure-free-crypto.xyz,47,1,0,1,1
URL_0932,http://secure-claim-reward.xyz/account/login/439,secure-claim-reward.xyz,48,1,0,1,1
URL_0933,http://secure-free-crypto.xyz/account/login/527,secure-free-crypto.xyz,47,1,0,1,1
URL_0934,http://secure-claim-reward.xyz/account/login/295,secure-claim-reward.xyz,48,1,0,1,1
URL_0935,https://wikipedia.org/page/34,wikipedia.org,29,1,1,0,0
URL_0936,http://secure-free-crypto.xyz/account/login/225,secure-free-crypto.xyz,47,1,0,1,1
URL_0937,http://secure-account-check.xyz/account/login/680,secure-account-check.xyz,49,1,0,1,1
URL_0938,http://secure-claim-reward.xyz/account/login/212,secure-claim-reward.xyz,48,1,0,1,1
URL_0939,https://daraz.pk/page/44,daraz.pk,24,1,1,0,0
URL_0940,https://daraz.pk/page/44,daraz.pk,24,1,1,0,0
URL_0941,https://wikipedia.org/page/19,wikipedia.org,29,1,1,0,0
URL_0942,https://bankofpunjab.com.pk/page/32,bankofpunjab.com.pk,35,2,1,0,0
URL_0943,http://secure-login-verify.xyz/account/login/918,secure-login-verify.xyz,48,1,0,1,1
URL_0944,http://secure-login-verify.xyz/account/login/564,secure-login-verify.xyz,48,1,0,1,1
URL_0945,https://github.com/page/19,github.com,26,1,1,0,0
URL_0946,https://google.com/page/32,google.com,26,1,1,0,0
URL_0947,http://secure-login-verify.xyz/account/login/540,secure-login-verify.xyz,48,1,0,1,1
URL_0948,http://secure-login-verify.xyz/account/login/151,secure-login-verify.xyz,48,1,0,1,1
URL_0949,http://secure-secure-update.xyz/account/login/458,secure-secure-update.xyz,49,1,0,1,1
URL_0950,http://secure-free-crypto.xyz/account/login/781,secure-free-crypto.xyz,47,1,0,1,1
URL_0951,https://google.com/page/46,google.com,26,1,1,0,0
URL_0952,http://secure-secure-update.xyz/account/login/850,secure-secure-update.xyz,49,1,0,1,1
URL_0953,https://daraz.pk/page/38,daraz.pk,24,1,1,0,0
URL_0954,https://bankofpunjab.com.pk/page/15,bankofpunjab.com.pk,35,2,1,0,0
URL_0955,https://daraz.pk/page/23,daraz.pk,24,1,1,0,0
URL_0956,https://easypaisa.com.pk/page/41,easypaisa.com.pk,32,2,1,0,0
URL_0957,http://secure-account-check.xyz/account/login/508,secure-account-check.xyz,49,1,0,1,1
URL_0958,https://bankofpunjab.com.pk/page/20,bankofpunjab.com.pk,35,2,1,0,0
URL_0959,http://secure-secure-update.xyz/account/login/677,secure-secure-update.xyz,49,1,0,1,1
URL_0960,http://secure-claim-reward.xyz/account/login/923,secure-claim-reward.xyz,48,1,0,1,1
URL_0961,https://easypaisa.com.pk/page/50,easypaisa.com.pk,32,2,1,0,0
URL_0962,https://bankofpunjab.com.pk/page/9,bankofpunjab.com.pk,34,2,1,0,0
URL_0963,http://secure-free-crypto.xyz/account/login/304,secure-free-crypto.xyz,47,1,0,1,1
URL_0964,http://secure-claim-reward.xyz/account/login/187,secure-claim-reward.xyz,48,1,0,1,1
URL_0965,http://secure-free-crypto.xyz/account/login/743,secure-free-crypto.xyz,47,1,0,1,1
URL_0966,http://secure-free-crypto.xyz/account/login/287,secure-free-crypto.xyz,47,1,0,1,1
URL_0967,http://secure-account-check.xyz/account/login/198,secure-account-check.xyz,49,1,0,1,1
URL_0968,https://wikipedia.org/page/29,wikipedia.org,29,1,1,0,0
URL_0969,http://secure-free-crypto.xyz/account/login/801,secure-free-crypto.xyz,47,1,0,1,1
URL_0970,http://secure-account-check.xyz/account/login/462,secure-account-check.xyz,49,1,0,1,1
URL_0971,http://secure-account-check.xyz/account/login/530,secure-account-check.xyz,49,1,0,1,1
URL_0972,http://secure-account-check.xyz/account/login/128,secure-account-check.xyz,49,1,0,1,1
URL_0973,https://daraz.pk/page/6,daraz.pk,23,1,1,0,0
URL_0974,https://wikipedia.org/page/20,wikipedia.org,29,1,1,0,0
URL_0975,https://wikipedia.org/page/33,wikipedia.org,29,1,1,0,0
URL_0976,http://secure-secure-update.xyz/account/login/735,secure-secure-update.xyz,49,1,0,1,1
URL_0977,http://secure-login-verify.xyz/account/login/873,secure-login-verify.xyz,48,1,0,1,1
URL_0978,http://secure-secure-update.xyz/account/login/512,secure-secure-update.xyz,49,1,0,1,1
URL_0979,https://daraz.pk/page/49,daraz.pk,24,1,1,0,0
URL_0980,http://secure-login-verify.xyz/account/login/186,secure-login-verify.xyz,48,1,0,1,1
URL_0981,https://bankofpunjab.com.pk/page/42,bankofpunjab.com.pk,35,2,1,0,0
URL_0982,https://bankofpunjab.com.pk/page/39,bankofpunjab.com.pk,35,2,1,0,0
URL_0983,https://bankofpunjab.com.pk/page/37,bankofpunjab.com.pk,35,2,1,0,0
URL_0984,http://secure-claim-reward.xyz/account/login/985,secure-claim-reward.xyz,48,1,0,1,1
URL_0985,https://google.com/page/48,google.com,26,1,1,0,0
URL_0986,https://easypaisa.com.pk/page/14,easypaisa.com.pk,32,2,1,0,0
URL_0987,https://wikipedia.org/page/48,wikipedia.org,29,1,1,0,0
URL_0988,http://secure-secure-update.xyz/account/login/328,secure-secure-update.xyz,49,1,0,1,1
URL_0989,https://bankofpunjab.com.pk/page/41,bankofpunjab.com.pk,35,2,1,0,0
URL_0990,http://secure-login-verify.xyz/account/login/924,secure-login-verify.xyz,48,1,0,1,1
URL_0991,http://secure-free-crypto.xyz/account/login/804,secure-free-crypto.xyz,47,1,0,1,1
URL_0992,https://google.com/page/5,google.com,25,1,1,0,0
URL_0993,https://github.com/page/39,github.com,26,1,1,0,0
URL_0994,https://wikipedia.org/page/7,wikipedia.org,28,1,1,0,0
URL_0995,https://github.com/page/7,github.com,25,1,1,0,0
URL_0996,http://secure-login-verify.xyz/account/login/952,secure-login-verify.xyz,48,1,0,1,1
URL_0997,http://secure-account-check.xyz/account/login/156,secure-account-check.xyz,49,1,0,1,1
URL_0998,https://bankofpunjab.com.pk/page/26,bankofpunjab.com.pk,35,2,1,0,0
URL_0999,http://secure-secure-update.xyz/account/login/939,secure-secure-update.xyz,49,1,0,1,1
URL_1000,https://wikipedia.org/page/17,wikipedia.org,29,1,1,0,0
